2026-04-23 07:56:44,085 [INFO] gms2-mcp: ==================================================
2026-04-23 07:56:44,391 [INFO] gms2-mcp: GMS2 MCP Server starting
2026-04-23 07:56:44,391 [INFO] gms2-mcp: Project path: C:\Users\n0souls\Documents\GitHub\Undefinedtale-888\Undefinedtale888
2026-04-23 07:56:44,391 [INFO] gms2-mcp: Log file: C:\Users\n0souls\gms2-mcp-server\logs\mcp-server.log
2026-04-23 07:56:44,392 [INFO] gms2-mcp: Python: 3.12.8 (tags/v3.12.8:2dc476b, Dec  3 2024, 19:30:04) [MSC v.1942 64 bit (AMD64)]
2026-04-23 07:56:44,392 [INFO] gms2-mcp: ==================================================
2026-04-23 09:24:31,142 [INFO] gms2-mcp: ==================================================
2026-04-23 09:24:31,142 [INFO] gms2-mcp: GMS2 MCP Server starting
2026-04-23 09:24:31,143 [INFO] gms2-mcp: Project path: C:/Users/n0souls/Documents/GitHub/Undefinedtale-888/Undefinedtale888
2026-04-23 09:24:31,143 [INFO] gms2-mcp: Log file: C:\Users\n0souls\gms2-mcp-server\logs\mcp-server.log
2026-04-23 09:24:31,143 [INFO] gms2-mcp: Python: 3.12.8 (tags/v3.12.8:2dc476b, Dec  3 2024, 19:30:04) [MSC v.1942 64 bit (AMD64)]
2026-04-23 09:24:31,143 [INFO] gms2-mcp: ==================================================
2026-04-23 09:24:57,401 [INFO] gms2-mcp: Executing tool 'get_project_summary'...
2026-04-23 09:24:57,672 [INFO] gms2-mcp: Tool 'get_project_summary' finished in 0.271s
2026-04-23 10:43:49,313 [INFO] gms2-mcp: ==================================================
2026-04-23 10:43:49,313 [INFO] gms2-mcp: GMS2 MCP Server starting
2026-04-23 10:43:49,313 [INFO] gms2-mcp: Project path: C:/Users/n0souls/Documents/GitHub/Undefinedtale-888/Undefinedtale888
2026-04-23 10:43:49,313 [INFO] gms2-mcp: Log file: C:\Users\n0souls\gms2-mcp-server\logs\mcp-server.log
2026-04-23 10:43:49,313 [INFO] gms2-mcp: Python: 3.12.8 (tags/v3.12.8:2dc476b, Dec  3 2024, 19:30:04) [MSC v.1942 64 bit (AMD64)]
2026-04-23 10:43:49,313 [INFO] gms2-mcp: ==================================================
2026-04-23 10:43:49,331 [INFO] gms2-mcp: GMS2 MCP Server shutdown complete
2026-04-23 10:47:42,643 [INFO] gms2-mcp: Executing tool 'get_gml_content'...
2026-04-23 10:47:42,649 [INFO] gms2-mcp: Tool 'get_gml_content' finished in 0.007s
2026-04-23 10:47:43,797 [INFO] gms2-mcp: Executing tool 'get_gml_content'...
2026-04-23 10:47:43,799 [INFO] gms2-mcp: Tool 'get_gml_content' finished in 0.003s
2026-04-23 10:48:13,737 [INFO] gms2-mcp: Executing tool 'search_in_project'...
2026-04-23 10:48:14,303 [INFO] gms2-mcp: Tool 'search_in_project' finished in 0.565s
2026-04-23 10:49:06,014 [INFO] gms2-mcp: Executing tool 'get_gml_content'...
2026-04-23 10:49:06,015 [INFO] gms2-mcp: Tool 'get_gml_content' finished in 0.002s
2026-04-23 10:51:45,731 [INFO] gms2-mcp: Executing tool 'search_in_project'...
2026-04-23 10:51:45,835 [INFO] gms2-mcp: Tool 'search_in_project' finished in 0.104s
2026-04-23 19:07:10,197 [INFO] gms2-mcp: ==================================================
2026-04-23 19:07:10,197 [INFO] gms2-mcp: GMS2 MCP Server starting
2026-04-23 19:07:10,198 [INFO] gms2-mcp: Project path: C:/Users/n0souls/Documents/GitHub/Undefinedtale-888/Undefinedtale888
2026-04-23 19:07:10,198 [INFO] gms2-mcp: Log file: C:\Users\n0souls\gms2-mcp-server\logs\mcp-server.log
2026-04-23 19:07:10,198 [INFO] gms2-mcp: Python: 3.12.8 (tags/v3.12.8:2dc476b, Dec  3 2024, 19:30:04) [MSC v.1942 64 bit (AMD64)]
2026-04-23 19:07:10,198 [INFO] gms2-mcp: ==================================================
2026-04-23 19:07:26,453 [INFO] gms2-mcp: ==================================================
2026-04-23 19:07:26,453 [INFO] gms2-mcp: GMS2 MCP Server starting
2026-04-23 19:07:26,453 [INFO] gms2-mcp: Project path: C:/Users/n0souls/Documents/GitHub/Undefinedtale-888/Undefinedtale888
2026-04-23 19:07:26,453 [INFO] gms2-mcp: Log file: C:\Users\n0souls\gms2-mcp-server\logs\mcp-server.log
2026-04-23 19:07:26,453 [INFO] gms2-mcp: Python: 3.12.8 (tags/v3.12.8:2dc476b, Dec  3 2024, 19:30:04) [MSC v.1942 64 bit (AMD64)]
2026-04-23 19:07:26,453 [INFO] gms2-mcp: ==================================================
2026-04-23 20:27:43,379 [INFO] gms2-mcp: GMS2 MCP Server shutdown complete
2026-04-23 21:22:09,247 [INFO] gms2-mcp: ==================================================
2026-04-23 21:22:09,247 [INFO] gms2-mcp: GMS2 MCP Server starting
2026-04-23 21:22:09,247 [INFO] gms2-mcp: Project path: C:/Users/n0souls/Documents/GitHub/Undefinedtale-888/Undefinedtale888
2026-04-23 21:22:09,247 [INFO] gms2-mcp: Log file: C:\Users\n0souls\gms2-mcp-server\logs\mcp-server.log
2026-04-23 21:22:09,247 [INFO] gms2-mcp: Python: 3.12.8 (tags/v3.12.8:2dc476b, Dec  3 2024, 19:30:04) [MSC v.1942 64 bit (AMD64)]
2026-04-23 21:22:09,248 [INFO] gms2-mcp: ==================================================
2026-04-23 21:22:26,472 [INFO] gms2-mcp: ==================================================
2026-04-23 21:22:26,473 [INFO] gms2-mcp: GMS2 MCP Server starting
2026-04-23 21:22:26,473 [INFO] gms2-mcp: Project path: C:/Users/n0souls/Documents/GitHub/Undefinedtale-888/Undefinedtale888
2026-04-23 21:22:26,473 [INFO] gms2-mcp: Log file: C:\Users\n0souls\gms2-mcp-server\logs\mcp-server.log
2026-04-23 21:22:26,473 [INFO] gms2-mcp: Python: 3.12.8 (tags/v3.12.8:2dc476b, Dec  3 2024, 19:30:04) [MSC v.1942 64 bit (AMD64)]
2026-04-23 21:22:26,473 [INFO] gms2-mcp: ==================================================
2026-04-24 17:05:55,958 [INFO] gms2-mcp: GMS2 MCP Server shutdown complete
2026-04-24 17:06:46,848 [INFO] gms2-mcp: GMS2 MCP Server shutdown complete
2026-04-24 17:08:17,454 [INFO] gms2-mcp: ==================================================
2026-04-24 17:08:17,455 [INFO] gms2-mcp: GMS2 MCP Server starting
2026-04-24 17:08:17,455 [INFO] gms2-mcp: Project path: C:/Users/n0souls/Documents/GitHub/Undefinedtale-888/Undefinedtale888
2026-04-24 17:08:17,455 [INFO] gms2-mcp: Log file: C:\Users\n0souls\gms2-mcp-server\logs\mcp-server.log
2026-04-24 17:08:17,455 [INFO] gms2-mcp: Python: 3.12.8 (tags/v3.12.8:2dc476b, Dec  3 2024, 19:30:04) [MSC v.1942 64 bit (AMD64)]
2026-04-24 17:08:17,455 [INFO] gms2-mcp: ==================================================
2026-04-24 17:08:17,627 [INFO] gms2-mcp: GMS2 MCP Server shutdown complete
2026-04-24 17:08:21,668 [INFO] gms2-mcp: ==================================================
2026-04-24 17:08:21,668 [INFO] gms2-mcp: GMS2 MCP Server starting
2026-04-24 17:08:21,668 [INFO] gms2-mcp: Project path: C:/Users/n0souls/Documents/GitHub/Undefinedtale-888/Undefinedtale888
2026-04-24 17:08:21,668 [INFO] gms2-mcp: Log file: C:\Users\n0souls\gms2-mcp-server\logs\mcp-server.log
2026-04-24 17:08:21,669 [INFO] gms2-mcp: Python: 3.12.8 (tags/v3.12.8:2dc476b, Dec  3 2024, 19:30:04) [MSC v.1942 64 bit (AMD64)]
2026-04-24 17:08:21,669 [INFO] gms2-mcp: ==================================================
2026-04-24 20:53:02,957 [INFO] gms2-mcp: ==================================================
2026-04-24 20:53:02,957 [INFO] gms2-mcp: GMS2 MCP Server starting
2026-04-24 20:53:02,957 [INFO] gms2-mcp: Project path: C:/Users/n0souls/Documents/GitHub/Undefinedtale-888/Undefinedtale888
2026-04-24 20:53:02,957 [INFO] gms2-mcp: Log file: C:\Users\n0souls\gms2-mcp-server\logs\mcp-server.log
2026-04-24 20:53:02,958 [INFO] gms2-mcp: Python: 3.12.8 (tags/v3.12.8:2dc476b, Dec  3 2024, 19:30:04) [MSC v.1942 64 bit (AMD64)]
2026-04-24 20:53:02,958 [INFO] gms2-mcp: ==================================================
2026-04-24 20:53:16,490 [INFO] gms2-mcp: ==================================================
2026-04-24 20:53:16,491 [INFO] gms2-mcp: GMS2 MCP Server starting
2026-04-24 20:53:16,491 [INFO] gms2-mcp: Project path: C:/Users/n0souls/Documents/GitHub/Undefinedtale-888/Undefinedtale888
2026-04-24 20:53:16,491 [INFO] gms2-mcp: Log file: C:\Users\n0souls\gms2-mcp-server\logs\mcp-server.log
2026-04-24 20:53:16,491 [INFO] gms2-mcp: Python: 3.12.8 (tags/v3.12.8:2dc476b, Dec  3 2024, 19:30:04) [MSC v.1942 64 bit (AMD64)]
2026-04-24 20:53:16,491 [INFO] gms2-mcp: ==================================================
2026-04-24 20:55:35,819 [INFO] gms2-mcp: GMS2 MCP Server shutdown complete
2026-04-24 20:56:00,347 [INFO] gms2-mcp: ==================================================
2026-04-24 20:56:00,347 [INFO] gms2-mcp: GMS2 MCP Server starting
2026-04-24 20:56:00,347 [INFO] gms2-mcp: Project path: C:/Users/n0souls/Documents/GitHub/Undefinedtale-888/Undefinedtale888
2026-04-24 20:56:00,347 [INFO] gms2-mcp: Log file: C:\Users\n0souls\gms2-mcp-server\logs\mcp-server.log
2026-04-24 20:56:00,347 [INFO] gms2-mcp: Python: 3.12.8 (tags/v3.12.8:2dc476b, Dec  3 2024, 19:30:04) [MSC v.1942 64 bit (AMD64)]
2026-04-24 20:56:00,347 [INFO] gms2-mcp: ==================================================
2026-04-24 20:56:06,251 [INFO] gms2-mcp: ==================================================
2026-04-24 20:56:06,251 [INFO] gms2-mcp: GMS2 MCP Server starting
2026-04-24 20:56:06,251 [INFO] gms2-mcp: Project path: C:/Users/n0souls/Documents/GitHub/Undefinedtale-888/Undefinedtale888
2026-04-24 20:56:06,251 [INFO] gms2-mcp: Log file: C:\Users\n0souls\gms2-mcp-server\logs\mcp-server.log
2026-04-24 20:56:06,251 [INFO] gms2-mcp: Python: 3.12.8 (tags/v3.12.8:2dc476b, Dec  3 2024, 19:30:04) [MSC v.1942 64 bit (AMD64)]
2026-04-24 20:56:06,251 [INFO] gms2-mcp: ==================================================
2026-04-24 20:56:55,025 [INFO] gms2-mcp: GMS2 MCP Server shutdown complete
2026-04-24 20:57:16,894 [INFO] gms2-mcp: ==================================================
2026-04-24 20:57:16,895 [INFO] gms2-mcp: GMS2 MCP Server starting
2026-04-24 20:57:16,895 [INFO] gms2-mcp: Project path: C:/Users/n0souls/Documents/GitHub/Undefinedtale-888/Undefinedtale888
2026-04-24 20:57:16,895 [INFO] gms2-mcp: Log file: C:\Users\n0souls\gms2-mcp-server\logs\mcp-server.log
2026-04-24 20:57:16,895 [INFO] gms2-mcp: Python: 3.12.8 (tags/v3.12.8:2dc476b, Dec  3 2024, 19:30:04) [MSC v.1942 64 bit (AMD64)]
2026-04-24 20:57:16,895 [INFO] gms2-mcp: ==================================================
2026-04-24 22:14:16,988 [INFO] gms2-mcp: GMS2 MCP Server shutdown complete
2026-04-24 22:14:41,536 [INFO] gms2-mcp: ==================================================
2026-04-24 22:14:41,536 [INFO] gms2-mcp: GMS2 MCP Server starting
2026-04-24 22:14:41,536 [INFO] gms2-mcp: Project path: C:/Users/n0souls/Documents/GitHub/Undefinedtale-888/Undefinedtale888
2026-04-24 22:14:41,536 [INFO] gms2-mcp: Log file: C:\Users\n0souls\gms2-mcp-server\logs\mcp-server.log
2026-04-24 22:14:41,537 [INFO] gms2-mcp: Python: 3.12.8 (tags/v3.12.8:2dc476b, Dec  3 2024, 19:30:04) [MSC v.1942 64 bit (AMD64)]
2026-04-24 22:14:41,537 [INFO] gms2-mcp: ==================================================
2026-04-24 22:14:50,606 [INFO] gms2-mcp: ==================================================
2026-04-24 22:14:50,606 [INFO] gms2-mcp: GMS2 MCP Server starting
2026-04-24 22:14:50,608 [INFO] gms2-mcp: Project path: C:/Users/n0souls/Documents/GitHub/Undefinedtale-888/Undefinedtale888
2026-04-24 22:14:50,608 [INFO] gms2-mcp: Log file: C:\Users\n0souls\gms2-mcp-server\logs\mcp-server.log
2026-04-24 22:14:50,608 [INFO] gms2-mcp: Python: 3.12.8 (tags/v3.12.8:2dc476b, Dec  3 2024, 19:30:04) [MSC v.1942 64 bit (AMD64)]
2026-04-24 22:14:50,608 [INFO] gms2-mcp: ==================================================
2026-04-26 13:50:30,548 [INFO] gms2-mcp: ==================================================
2026-04-26 13:50:30,566 [INFO] gms2-mcp: GMS2 MCP Server starting
2026-04-26 13:50:30,567 [INFO] gms2-mcp: Project path: C:/Users/n0souls/Documents/GitHub/Undefinedtale-888/Undefinedtale888
2026-04-26 13:50:30,567 [INFO] gms2-mcp: Log file: C:\Users\n0souls\gms2-mcp-server\logs\mcp-server.log
2026-04-26 13:50:30,567 [INFO] gms2-mcp: Python: 3.12.8 (tags/v3.12.8:2dc476b, Dec  3 2024, 19:30:04) [MSC v.1942 64 bit (AMD64)]
2026-04-26 13:50:30,567 [INFO] gms2-mcp: ==================================================
2026-04-26 13:50:35,927 [INFO] gms2-mcp: ==================================================
2026-04-26 13:50:35,927 [INFO] gms2-mcp: GMS2 MCP Server starting
2026-04-26 13:50:35,927 [INFO] gms2-mcp: Project path: C:/Users/n0souls/Documents/GitHub/Undefinedtale-888/Undefinedtale888
2026-04-26 13:50:35,927 [INFO] gms2-mcp: Log file: C:\Users\n0souls\gms2-mcp-server\logs\mcp-server.log
2026-04-26 13:50:35,927 [INFO] gms2-mcp: Python: 3.12.8 (tags/v3.12.8:2dc476b, Dec  3 2024, 19:30:04) [MSC v.1942 64 bit (AMD64)]
2026-04-26 13:50:35,927 [INFO] gms2-mcp: ==================================================
2026-04-26 13:50:36,157 [INFO] gms2-mcp: GMS2 MCP Server shutdown complete
2026-04-26 13:51:25,328 [INFO] gms2-mcp: GMS2 MCP Server shutdown complete
2026-04-26 14:07:43,154 [INFO] gms2-mcp: ==================================================
2026-04-26 14:07:43,154 [INFO] gms2-mcp: GMS2 MCP Server starting
2026-04-26 14:07:43,154 [INFO] gms2-mcp: Project path: C:/Users/n0souls/Documents/GitHub/Undefinedtale-888/Undefinedtale888
2026-04-26 14:07:43,154 [INFO] gms2-mcp: Log file: C:\Users\n0souls\gms2-mcp-server\logs\mcp-server.log
2026-04-26 14:07:43,155 [INFO] gms2-mcp: Python: 3.12.8 (tags/v3.12.8:2dc476b, Dec  3 2024, 19:30:04) [MSC v.1942 64 bit (AMD64)]
2026-04-26 14:07:43,155 [INFO] gms2-mcp: ==================================================
2026-04-26 14:07:43,179 [INFO] gms2-mcp: GMS2 MCP Server shutdown complete
2026-04-26 14:07:45,377 [INFO] gms2-mcp: ==================================================
2026-04-26 14:07:45,377 [INFO] gms2-mcp: GMS2 MCP Server starting
2026-04-26 14:07:45,378 [INFO] gms2-mcp: Project path: C:/Users/n0souls/Documents/GitHub/Undefinedtale-888/Undefinedtale888
2026-04-26 14:07:45,378 [INFO] gms2-mcp: Log file: C:\Users\n0souls\gms2-mcp-server\logs\mcp-server.log
2026-04-26 14:07:45,378 [INFO] gms2-mcp: Python: 3.12.8 (tags/v3.12.8:2dc476b, Dec  3 2024, 19:30:04) [MSC v.1942 64 bit (AMD64)]
2026-04-26 14:07:45,378 [INFO] gms2-mcp: ==================================================
2026-04-26 14:08:15,787 [INFO] gms2-mcp: Executing tool 'get_project_summary'...
2026-04-26 14:08:16,087 [INFO] gms2-mcp: Tool 'get_project_summary' finished in 0.300s
2026-04-26 14:08:37,783 [INFO] gms2-mcp: Executing tool 'get_object_info'...
2026-04-26 14:08:37,794 [INFO] gms2-mcp: Tool 'get_object_info' finished in 0.011s
2026-04-26 14:08:46,885 [INFO] gms2-mcp: Executing tool 'get_gml_content'...
2026-04-26 14:08:46,887 [INFO] gms2-mcp: Tool 'get_gml_content' finished in 0.002s
2026-04-26 14:08:47,101 [INFO] gms2-mcp: Executing tool 'get_gml_content'...
2026-04-26 14:08:47,102 [INFO] gms2-mcp: Tool 'get_gml_content' finished in 0.001s
2026-04-26 14:08:47,318 [INFO] gms2-mcp: Executing tool 'get_gml_content'...
2026-04-26 14:08:47,320 [INFO] gms2-mcp: Tool 'get_gml_content' finished in 0.002s
2026-04-26 14:08:59,348 [INFO] gms2-mcp: Executing tool 'search_in_project'...
2026-04-26 14:08:59,351 [INFO] gms2-mcp: Executing tool 'search_in_project'...
2026-04-26 14:08:59,354 [INFO] gms2-mcp: Executing tool 'search_in_project'...
2026-04-26 14:09:03,351 [INFO] gms2-mcp: Tool 'search_in_project' finished in 3.997s
2026-04-26 14:09:04,086 [INFO] gms2-mcp: Tool 'search_in_project' finished in 4.738s
2026-04-26 14:09:04,087 [INFO] gms2-mcp: Tool 'search_in_project' finished in 4.736s
2026-04-26 14:09:10,002 [INFO] gms2-mcp: Executing tool 'get_gml_content'...
2026-04-26 14:09:10,004 [INFO] gms2-mcp: Executing tool 'list_assets'...
2026-04-26 14:09:10,004 [INFO] gms2-mcp: Executing tool 'get_shader_info'...
2026-04-26 14:09:10,009 [INFO] gms2-mcp: Tool 'get_gml_content' finished in 0.007s
2026-04-26 14:09:10,012 [INFO] gms2-mcp: Tool 'list_assets' finished in 0.008s
2026-04-26 14:09:10,042 [INFO] gms2-mcp: Tool 'get_shader_info' finished in 0.038s
2026-04-26 14:09:29,875 [INFO] gms2-mcp: Executing tool 'get_object_info'...
2026-04-26 14:09:29,894 [INFO] gms2-mcp: Tool 'get_object_info' finished in 0.019s
2026-04-26 14:09:29,950 [INFO] gms2-mcp: Executing tool 'get_object_info'...
2026-04-26 14:09:29,967 [INFO] gms2-mcp: Tool 'get_object_info' finished in 0.017s
2026-04-26 14:09:35,349 [INFO] gms2-mcp: Executing tool 'get_gml_content'...
2026-04-26 14:09:35,351 [INFO] gms2-mcp: Tool 'get_gml_content' finished in 0.002s
2026-04-26 14:09:35,598 [INFO] gms2-mcp: Executing tool 'get_gml_content'...
2026-04-26 14:09:35,604 [INFO] gms2-mcp: Tool 'get_gml_content' finished in 0.006s
2026-04-26 14:09:35,863 [INFO] gms2-mcp: Executing tool 'get_gml_content'...
2026-04-26 14:09:35,865 [INFO] gms2-mcp: Tool 'get_gml_content' finished in 0.002s
2026-04-26 14:09:47,272 [INFO] gms2-mcp: Executing tool 'get_gml_content'...
2026-04-26 14:09:47,303 [INFO] gms2-mcp: Tool 'get_gml_content' finished in 0.030s
2026-04-26 14:10:13,330 [INFO] gms2-mcp: Executing tool 'get_gml_content'...
2026-04-26 14:10:13,331 [INFO] gms2-mcp: Tool 'get_gml_content' finished in 0.002s
2026-04-26 14:10:13,649 [INFO] gms2-mcp: Executing tool 'get_object_info'...
2026-04-26 14:10:13,651 [INFO] gms2-mcp: Tool 'get_object_info' finished in 0.002s
2026-04-26 14:10:22,174 [INFO] gms2-mcp: Executing tool 'get_gml_content'...
2026-04-26 14:10:22,181 [INFO] gms2-mcp: Tool 'get_gml_content' finished in 0.007s
2026-04-26 14:10:22,602 [INFO] gms2-mcp: Executing tool 'get_gml_content'...
2026-04-26 14:10:22,605 [INFO] gms2-mcp: Tool 'get_gml_content' finished in 0.004s
2026-04-26 14:10:29,603 [INFO] gms2-mcp: Executing tool 'get_gml_content'...
2026-04-26 14:10:29,605 [INFO] gms2-mcp: Tool 'get_gml_content' finished in 0.002s
2026-04-26 14:11:04,258 [INFO] gms2-mcp: Executing tool 'get_gml_content'...
2026-04-26 14:11:04,260 [INFO] gms2-mcp: Tool 'get_gml_content' finished in 0.002s
2026-04-26 14:11:04,284 [INFO] gms2-mcp: Executing tool 'get_object_info'...
2026-04-26 14:11:04,286 [INFO] gms2-mcp: Tool 'get_object_info' finished in 0.002s
2026-04-26 14:11:15,949 [INFO] gms2-mcp: Executing tool 'get_gml_content'...
2026-04-26 14:11:15,950 [INFO] gms2-mcp: Tool 'get_gml_content' finished in 0.001s
2026-04-26 14:12:26,751 [INFO] gms2-mcp: Executing tool 'search_in_project'...
2026-04-26 14:12:26,827 [INFO] gms2-mcp: Executing tool 'get_gml_content'...
2026-04-26 14:12:26,830 [INFO] gms2-mcp: Tool 'get_gml_content' finished in 0.004s
2026-04-26 14:12:26,863 [INFO] gms2-mcp: Tool 'search_in_project' finished in 0.112s
2026-04-26 14:12:26,868 [INFO] gms2-mcp: Executing tool 'get_gml_content'...
2026-04-26 14:12:26,870 [INFO] gms2-mcp: Tool 'get_gml_content' finished in 0.002s
2026-04-26 14:12:49,327 [INFO] gms2-mcp: Executing tool 'search_in_project'...
2026-04-26 14:12:49,445 [INFO] gms2-mcp: Tool 'search_in_project' finished in 0.118s
2026-04-26 14:12:49,495 [INFO] gms2-mcp: Executing tool 'search_in_project'...
2026-04-26 14:12:49,614 [INFO] gms2-mcp: Tool 'search_in_project' finished in 0.120s
2026-04-26 14:12:49,650 [INFO] gms2-mcp: Executing tool 'search_in_project'...
2026-04-26 14:12:49,746 [INFO] gms2-mcp: Tool 'search_in_project' finished in 0.096s
2026-04-26 14:12:59,448 [INFO] gms2-mcp: Executing tool 'get_gml_content'...
2026-04-26 14:12:59,450 [INFO] gms2-mcp: Tool 'get_gml_content' finished in 0.002s
2026-04-26 20:55:26,235 [INFO] gms2-mcp: ==================================================
2026-04-26 20:55:26,235 [INFO] gms2-mcp: GMS2 MCP Server starting
2026-04-26 20:55:26,237 [INFO] gms2-mcp: Project path: C:/Users/n0souls/Documents/GitHub/Undefinedtale-888/Undefinedtale888
2026-04-26 20:55:26,237 [INFO] gms2-mcp: Log file: C:\Users\n0souls\gms2-mcp-server\logs\mcp-server.log
2026-04-26 20:55:26,237 [INFO] gms2-mcp: Python: 3.12.8 (tags/v3.12.8:2dc476b, Dec  3 2024, 19:30:04) [MSC v.1942 64 bit (AMD64)]
2026-04-26 20:55:26,237 [INFO] gms2-mcp: ==================================================
2026-04-26 21:51:08,769 [INFO] gms2-mcp: Executing tool 'create_script'...
2026-04-26 21:51:09,115 [INFO] gms2-mcp: Tool 'create_script' finished in 0.337s
2026-04-26 21:59:56,270 [INFO] gms2-mcp: Executing tool 'validate_project'...
2026-04-26 21:59:56,673 [INFO] gms2-mcp: Tool 'validate_project' finished in 0.403s
2026-04-26 22:00:24,734 [INFO] gms2-mcp: Executing tool 'get_project_summary'...
2026-04-26 22:00:24,753 [INFO] gms2-mcp: Tool 'get_project_summary' finished in 0.001s
2026-04-26 22:00:25,234 [INFO] gms2-mcp: Executing tool 'scan_project'...
2026-04-26 22:00:25,236 [INFO] gms2-mcp: Tool 'scan_project' finished in 0.002s
2026-04-26 22:00:25,528 [INFO] gms2-mcp: Executing tool 'scan_project'...
2026-04-26 22:00:25,529 [INFO] gms2-mcp: Tool 'scan_project' finished in 0.002s
2026-04-26 22:00:25,996 [INFO] gms2-mcp: Executing tool 'scan_project'...
2026-04-26 22:00:25,998 [INFO] gms2-mcp: Tool 'scan_project' finished in 0.002s
2026-04-26 22:00:48,486 [INFO] gms2-mcp: Executing tool 'get_object_info'...
2026-04-26 22:00:48,488 [INFO] gms2-mcp: Tool 'get_object_info' finished in 0.002s
2026-04-26 22:00:48,780 [INFO] gms2-mcp: Executing tool 'get_object_info'...
2026-04-26 22:00:48,780 [INFO] gms2-mcp: Tool 'get_object_info' finished in 0.001s
2026-04-26 22:00:49,024 [INFO] gms2-mcp: Executing tool 'get_object_info'...
2026-04-26 22:00:49,025 [INFO] gms2-mcp: Tool 'get_object_info' finished in 0.001s
2026-04-26 22:00:49,274 [INFO] gms2-mcp: Executing tool 'get_object_info'...
2026-04-26 22:00:49,275 [INFO] gms2-mcp: Tool 'get_object_info' finished in 0.001s
2026-04-26 22:00:49,530 [INFO] gms2-mcp: Executing tool 'get_object_info'...
2026-04-26 22:00:49,531 [INFO] gms2-mcp: Tool 'get_object_info' finished in 0.001s
2026-04-26 22:00:49,818 [INFO] gms2-mcp: Executing tool 'get_object_info'...
2026-04-26 22:00:49,819 [INFO] gms2-mcp: Tool 'get_object_info' finished in 0.002s
2026-04-26 22:00:50,117 [INFO] gms2-mcp: Executing tool 'get_object_info'...
2026-04-26 22:00:50,117 [INFO] gms2-mcp: Tool 'get_object_info' finished in 0.001s
2026-04-26 22:00:50,353 [INFO] gms2-mcp: Executing tool 'get_object_info'...
2026-04-26 22:00:50,354 [INFO] gms2-mcp: Tool 'get_object_info' finished in 0.001s
2026-04-26 22:00:50,653 [INFO] gms2-mcp: Executing tool 'get_object_info'...
2026-04-26 22:00:50,653 [INFO] gms2-mcp: Tool 'get_object_info' finished in 0.001s
2026-04-26 22:00:50,931 [INFO] gms2-mcp: Executing tool 'get_object_info'...
2026-04-26 22:00:50,932 [INFO] gms2-mcp: Tool 'get_object_info' finished in 0.001s
2026-04-26 22:00:51,338 [INFO] gms2-mcp: Executing tool 'get_object_info'...
2026-04-26 22:00:51,339 [INFO] gms2-mcp: Tool 'get_object_info' finished in 0.001s
2026-04-26 22:00:53,564 [INFO] gms2-mcp: Executing tool 'get_object_info'...
2026-04-26 22:00:53,566 [INFO] gms2-mcp: Tool 'get_object_info' finished in 0.002s
2026-04-26 22:00:53,882 [INFO] gms2-mcp: Executing tool 'get_object_info'...
2026-04-26 22:00:53,882 [INFO] gms2-mcp: Tool 'get_object_info' finished in 0.001s
2026-04-26 22:00:54,171 [INFO] gms2-mcp: Executing tool 'get_object_info'...
2026-04-26 22:00:54,172 [INFO] gms2-mcp: Tool 'get_object_info' finished in 0.001s
2026-04-26 22:00:54,420 [INFO] gms2-mcp: Executing tool 'get_object_info'...
2026-04-26 22:00:54,421 [INFO] gms2-mcp: Tool 'get_object_info' finished in 0.001s
2026-04-26 22:01:17,631 [INFO] gms2-mcp: Executing tool 'get_gml_content'...
2026-04-26 22:01:17,632 [INFO] gms2-mcp: Tool 'get_gml_content' finished in 0.001s
2026-04-26 22:01:17,968 [INFO] gms2-mcp: Executing tool 'get_gml_content'...
2026-04-26 22:01:17,969 [INFO] gms2-mcp: Tool 'get_gml_content' finished in 0.001s
2026-04-26 22:01:20,053 [INFO] gms2-mcp: Executing tool 'get_gml_content'...
2026-04-26 22:01:20,054 [INFO] gms2-mcp: Tool 'get_gml_content' finished in 0.001s
2026-04-26 22:01:20,426 [INFO] gms2-mcp: Executing tool 'get_gml_content'...
2026-04-26 22:01:20,427 [INFO] gms2-mcp: Tool 'get_gml_content' finished in 0.001s
2026-04-26 22:01:20,703 [INFO] gms2-mcp: Executing tool 'get_gml_content'...
2026-04-26 22:01:20,704 [INFO] gms2-mcp: Tool 'get_gml_content' finished in 0.001s
2026-04-26 22:01:21,080 [INFO] gms2-mcp: Executing tool 'get_gml_content'...
2026-04-26 22:01:21,081 [INFO] gms2-mcp: Tool 'get_gml_content' finished in 0.001s
2026-04-26 22:01:21,396 [INFO] gms2-mcp: Executing tool 'get_gml_content'...
2026-04-26 22:01:21,398 [INFO] gms2-mcp: Tool 'get_gml_content' finished in 0.003s
2026-04-26 22:01:21,650 [INFO] gms2-mcp: Executing tool 'get_gml_content'...
2026-04-26 22:01:21,651 [INFO] gms2-mcp: Tool 'get_gml_content' finished in 0.001s
2026-04-26 22:01:22,135 [INFO] gms2-mcp: Executing tool 'get_gml_content'...
2026-04-26 22:01:22,137 [INFO] gms2-mcp: Tool 'get_gml_content' finished in 0.002s
2026-04-26 22:01:22,496 [INFO] gms2-mcp: Executing tool 'get_gml_content'...
2026-04-26 22:01:22,498 [INFO] gms2-mcp: Tool 'get_gml_content' finished in 0.002s
2026-04-26 22:01:25,755 [INFO] gms2-mcp: Executing tool 'get_gml_content'...
2026-04-26 22:01:25,756 [INFO] gms2-mcp: Tool 'get_gml_content' finished in 0.001s
2026-04-26 22:03:30,256 [INFO] gms2-mcp: Executing tool 'decode_object_events'...
2026-04-26 22:03:30,257 [INFO] gms2-mcp: Tool 'decode_object_events' finished in 0.001s
2026-04-26 22:03:31,520 [INFO] gms2-mcp: Executing tool 'get_gml_content'...
2026-04-26 22:03:31,521 [INFO] gms2-mcp: Tool 'get_gml_content' finished in 0.001s
2026-04-26 22:03:34,615 [INFO] gms2-mcp: Executing tool 'get_gml_content'...
2026-04-26 22:03:34,616 [INFO] gms2-mcp: Tool 'get_gml_content' finished in 0.001s
2026-04-26 22:03:40,357 [INFO] gms2-mcp: Executing tool 'get_gml_content'...
2026-04-26 22:03:40,358 [INFO] gms2-mcp: Tool 'get_gml_content' finished in 0.001s
2026-04-26 22:03:51,017 [INFO] gms2-mcp: Executing tool 'get_gml_content'...
2026-04-26 22:03:51,020 [INFO] gms2-mcp: Tool 'get_gml_content' finished in 0.004s
2026-04-26 22:03:57,511 [INFO] gms2-mcp: Executing tool 'get_gml_content'...
2026-04-26 22:03:57,512 [INFO] gms2-mcp: Tool 'get_gml_content' finished in 0.001s
2026-04-26 22:04:03,290 [INFO] gms2-mcp: Executing tool 'get_gml_content'...
2026-04-26 22:04:03,292 [INFO] gms2-mcp: Tool 'get_gml_content' finished in 0.002s
2026-04-26 22:04:12,230 [INFO] gms2-mcp: Executing tool 'get_gml_content'...
2026-04-26 22:04:12,231 [INFO] gms2-mcp: Tool 'get_gml_content' finished in 0.002s
2026-04-26 22:04:12,741 [INFO] gms2-mcp: Executing tool 'get_gml_content'...
2026-04-26 22:04:12,741 [INFO] gms2-mcp: Tool 'get_gml_content' finished in 0.001s
2026-04-26 22:05:59,039 [INFO] gms2-mcp: Executing tool 'decode_object_events'...
2026-04-26 22:05:59,040 [INFO] gms2-mcp: Tool 'decode_object_events' finished in 0.002s
2026-04-26 22:06:05,042 [INFO] gms2-mcp: Executing tool 'decode_object_events'...
2026-04-26 22:06:05,044 [INFO] gms2-mcp: Tool 'decode_object_events' finished in 0.002s
2026-04-26 22:07:44,012 [INFO] gms2-mcp: Executing tool 'get_gml_content'...
2026-04-26 22:07:44,012 [INFO] gms2-mcp: Tool 'get_gml_content' finished in 0.001s
2026-04-26 22:07:51,165 [INFO] gms2-mcp: Executing tool 'get_gml_content'...
2026-04-26 22:07:51,166 [INFO] gms2-mcp: Tool 'get_gml_content' finished in 0.002s
2026-04-26 22:07:54,218 [INFO] gms2-mcp: Executing tool 'get_gml_content'...
2026-04-26 22:07:54,220 [INFO] gms2-mcp: Tool 'get_gml_content' finished in 0.002s
2026-04-26 22:07:57,203 [INFO] gms2-mcp: Executing tool 'get_gml_content'...
2026-04-26 22:07:57,204 [INFO] gms2-mcp: Tool 'get_gml_content' finished in 0.001s
2026-04-26 22:07:59,289 [INFO] gms2-mcp: Executing tool 'get_object_info'...
2026-04-26 22:07:59,290 [INFO] gms2-mcp: Tool 'get_object_info' finished in 0.001s
2026-04-26 22:07:59,824 [INFO] gms2-mcp: Executing tool 'get_object_info'...
2026-04-26 22:07:59,824 [INFO] gms2-mcp: Tool 'get_object_info' finished in 0.001s
2026-04-26 22:08:00,282 [INFO] gms2-mcp: Executing tool 'get_object_info'...
2026-04-26 22:08:00,283 [INFO] gms2-mcp: Tool 'get_object_info' finished in 0.002s
2026-04-26 22:08:01,479 [INFO] gms2-mcp: Executing tool 'get_object_info'...
2026-04-26 22:08:01,480 [INFO] gms2-mcp: Tool 'get_object_info' finished in 0.001s
2026-04-26 22:08:02,404 [INFO] gms2-mcp: Executing tool 'get_object_info'...
2026-04-26 22:08:02,405 [INFO] gms2-mcp: Tool 'get_object_info' finished in 0.001s
2026-04-26 22:08:02,749 [INFO] gms2-mcp: Executing tool 'get_object_info'...
2026-04-26 22:08:02,751 [INFO] gms2-mcp: Tool 'get_object_info' finished in 0.001s
2026-04-26 22:09:54,565 [INFO] gms2-mcp: ==================================================
2026-04-26 22:09:54,566 [INFO] gms2-mcp: GMS2 MCP Server starting
2026-04-26 22:09:54,566 [INFO] gms2-mcp: Project path: C:/Users/n0souls/Documents/GitHub/Undefinedtale-888/Undefinedtale888
2026-04-26 22:09:54,566 [INFO] gms2-mcp: Log file: C:\Users\n0souls\gms2-mcp-server\logs\mcp-server.log
2026-04-26 22:09:54,566 [INFO] gms2-mcp: Python: 3.12.8 (tags/v3.12.8:2dc476b, Dec  3 2024, 19:30:04) [MSC v.1942 64 bit (AMD64)]
2026-04-26 22:09:54,566 [INFO] gms2-mcp: ==================================================
2026-04-26 22:09:55,841 [INFO] gms2-mcp: Executing tool 'get_gml_content'...
2026-04-26 22:09:55,843 [INFO] gms2-mcp: Tool 'get_gml_content' finished in 0.003s
2026-04-26 22:09:56,406 [INFO] gms2-mcp: Executing tool 'get_gml_content'...
2026-04-26 22:09:56,407 [INFO] gms2-mcp: Tool 'get_gml_content' finished in 0.002s
2026-04-26 22:09:57,049 [INFO] gms2-mcp: Executing tool 'get_gml_content'...
2026-04-26 22:09:57,051 [INFO] gms2-mcp: Tool 'get_gml_content' finished in 0.002s
2026-04-26 22:09:57,618 [INFO] gms2-mcp: Executing tool 'get_gml_content'...
2026-04-26 22:09:57,619 [INFO] gms2-mcp: Tool 'get_gml_content' finished in 0.001s
2026-04-26 22:10:01,813 [INFO] gms2-mcp: Executing tool 'get_gml_content'...
2026-04-26 22:10:01,814 [INFO] gms2-mcp: Tool 'get_gml_content' finished in 0.002s
2026-04-26 22:10:07,977 [INFO] gms2-mcp: Executing tool 'get_gml_content'...
2026-04-26 22:10:07,978 [INFO] gms2-mcp: Tool 'get_gml_content' finished in 0.001s
2026-04-26 22:10:10,117 [INFO] gms2-mcp: Executing tool 'get_gml_content'...
2026-04-26 22:10:10,118 [INFO] gms2-mcp: Tool 'get_gml_content' finished in 0.001s
2026-04-26 22:10:13,138 [INFO] gms2-mcp: Executing tool 'get_gml_content'...
2026-04-26 22:10:13,139 [INFO] gms2-mcp: Tool 'get_gml_content' finished in 0.001s
2026-04-26 22:10:15,910 [INFO] gms2-mcp: ==================================================
2026-04-26 22:10:15,910 [INFO] gms2-mcp: GMS2 MCP Server starting
2026-04-26 22:10:15,910 [INFO] gms2-mcp: Project path: C:/Users/n0souls/Documents/GitHub/Undefinedtale-888/Undefinedtale888
2026-04-26 22:10:15,910 [INFO] gms2-mcp: Log file: C:\Users\n0souls\gms2-mcp-server\logs\mcp-server.log
2026-04-26 22:10:15,910 [INFO] gms2-mcp: Python: 3.12.8 (tags/v3.12.8:2dc476b, Dec  3 2024, 19:30:04) [MSC v.1942 64 bit (AMD64)]
2026-04-26 22:10:15,910 [INFO] gms2-mcp: ==================================================
2026-04-26 22:10:16,746 [INFO] gms2-mcp: Executing tool 'get_gml_content'...
2026-04-26 22:10:16,748 [INFO] gms2-mcp: Tool 'get_gml_content' finished in 0.001s
2026-04-26 22:11:44,944 [INFO] gms2-mcp: GMS2 MCP Server shutdown complete
2026-04-26 22:11:45,632 [INFO] gms2-mcp: GMS2 MCP Server shutdown complete
2026-04-26 22:38:06,133 [INFO] gms2-mcp: Executing tool 'validate_project'...
2026-04-26 22:38:06,474 [INFO] gms2-mcp: Tool 'validate_project' finished in 0.341s
2026-04-27 14:27:36,891 [INFO] gms2-mcp: ==================================================
2026-04-27 14:27:36,891 [INFO] gms2-mcp: GMS2 MCP Server starting
2026-04-27 14:27:36,891 [INFO] gms2-mcp: Project path: C:/Users/n0souls/Documents/GitHub/Undefinedtale-888/Undefinedtale888
2026-04-27 14:27:36,892 [INFO] gms2-mcp: Log file: C:\Users\n0souls\gms2-mcp-server\logs\mcp-server.log
2026-04-27 14:27:36,892 [INFO] gms2-mcp: Python: 3.12.8 (tags/v3.12.8:2dc476b, Dec  3 2024, 19:30:04) [MSC v.1942 64 bit (AMD64)]
2026-04-27 14:27:36,893 [INFO] gms2-mcp: ==================================================
2026-04-27 14:28:01,776 [INFO] gms2-mcp: ==================================================
2026-04-27 14:28:01,776 [INFO] gms2-mcp: GMS2 MCP Server starting
2026-04-27 14:28:01,777 [INFO] gms2-mcp: Project path: C:/Users/n0souls/Documents/GitHub/Undefinedtale-888/Undefinedtale888
2026-04-27 14:28:01,777 [INFO] gms2-mcp: Log file: C:\Users\n0souls\gms2-mcp-server\logs\mcp-server.log
2026-04-27 14:28:01,777 [INFO] gms2-mcp: Python: 3.12.8 (tags/v3.12.8:2dc476b, Dec  3 2024, 19:30:04) [MSC v.1942 64 bit (AMD64)]
2026-04-27 14:28:01,777 [INFO] gms2-mcp: ==================================================
2026-04-27 14:28:01,804 [INFO] gms2-mcp: GMS2 MCP Server shutdown complete
2026-04-27 14:30:47,208 [INFO] gms2-mcp: GMS2 MCP Server shutdown complete
2026-04-27 14:31:34,297 [INFO] gms2-mcp: ==================================================
2026-04-27 14:31:34,299 [INFO] gms2-mcp: GMS2 MCP Server starting
2026-04-27 14:31:34,299 [INFO] gms2-mcp: Project path: C:/Users/n0souls/Documents/GitHub/Undefinedtale-888/Undefinedtale888
2026-04-27 14:31:34,299 [INFO] gms2-mcp: Log file: C:\Users\n0souls\gms2-mcp-server\logs\mcp-server.log
2026-04-27 14:31:34,300 [INFO] gms2-mcp: Python: 3.12.8 (tags/v3.12.8:2dc476b, Dec  3 2024, 19:30:04) [MSC v.1942 64 bit (AMD64)]
2026-04-27 14:31:34,300 [INFO] gms2-mcp: ==================================================
2026-04-27 17:39:33,220 [INFO] gms2-mcp: GMS2 MCP Server shutdown complete
2026-04-27 17:40:17,392 [INFO] gms2-mcp: ==================================================
2026-04-27 17:40:17,392 [INFO] gms2-mcp: GMS2 MCP Server starting
2026-04-27 17:40:17,392 [INFO] gms2-mcp: Project path: C:/Users/n0souls/Documents/GitHub/Undefinedtale-888/Undefinedtale888
2026-04-27 17:40:17,392 [INFO] gms2-mcp: Log file: C:\Users\n0souls\gms2-mcp-server\logs\mcp-server.log
2026-04-27 17:40:17,392 [INFO] gms2-mcp: Python: 3.12.8 (tags/v3.12.8:2dc476b, Dec  3 2024, 19:30:04) [MSC v.1942 64 bit (AMD64)]
2026-04-27 17:40:17,393 [INFO] gms2-mcp: ==================================================
2026-04-27 17:59:45,004 [INFO] gms2-mcp: GMS2 MCP Server shutdown complete
2026-04-27 22:05:00,618 [INFO] gms2-mcp: ==================================================
2026-04-27 22:05:00,618 [INFO] gms2-mcp: GMS2 MCP Server starting
2026-04-27 22:05:00,618 [INFO] gms2-mcp: Project path: C:/Users/n0souls/Documents/GitHub/Undefinedtale-888/Undefinedtale888
2026-04-27 22:05:00,618 [INFO] gms2-mcp: Log file: C:\Users\n0souls\gms2-mcp-server\logs\mcp-server.log
2026-04-27 22:05:00,618 [INFO] gms2-mcp: Python: 3.12.8 (tags/v3.12.8:2dc476b, Dec  3 2024, 19:30:04) [MSC v.1942 64 bit (AMD64)]
2026-04-27 22:05:00,618 [INFO] gms2-mcp: ==================================================
2026-04-27 22:05:18,413 [INFO] gms2-mcp: ==================================================
2026-04-27 22:05:18,413 [INFO] gms2-mcp: GMS2 MCP Server starting
2026-04-27 22:05:18,413 [INFO] gms2-mcp: Project path: C:/Users/n0souls/Documents/GitHub/Undefinedtale-888/Undefinedtale888
2026-04-27 22:05:18,413 [INFO] gms2-mcp: Log file: C:\Users\n0souls\gms2-mcp-server\logs\mcp-server.log
2026-04-27 22:05:18,413 [INFO] gms2-mcp: Python: 3.12.8 (tags/v3.12.8:2dc476b, Dec  3 2024, 19:30:04) [MSC v.1942 64 bit (AMD64)]
2026-04-27 22:05:18,413 [INFO] gms2-mcp: ==================================================
2026-04-28 20:06:03,700 [INFO] gms2-mcp: GMS2 MCP Server shutdown complete
2026-04-28 20:06:04,343 [INFO] gms2-mcp: GMS2 MCP Server shutdown complete
2026-04-28 21:31:57,218 [INFO] gms2-mcp: Executing tool 'get_object_info'...
2026-04-28 21:31:57,240 [INFO] gms2-mcp: Tool 'get_object_info' finished in 0.022s
2026-04-28 21:32:23,002 [INFO] gms2-mcp: Executing tool 'list_assets'...
2026-04-28 21:32:23,448 [INFO] gms2-mcp: Tool 'list_assets' finished in 0.447s
2026-04-28 21:32:31,613 [INFO] gms2-mcp: Executing tool 'get_sprite_info'...
2026-04-28 21:32:31,616 [INFO] gms2-mcp: Tool 'get_sprite_info' finished in 0.003s
2026-04-28 21:32:31,702 [INFO] gms2-mcp: Executing tool 'get_sprite_info'...
2026-04-28 21:32:31,704 [INFO] gms2-mcp: Tool 'get_sprite_info' finished in 0.002s
2026-04-28 21:36:00,675 [INFO] gms2-mcp: Executing tool 'search_in_project'...
2026-04-28 21:36:01,893 [INFO] gms2-mcp: Tool 'search_in_project' finished in 1.218s
2026-04-28 21:36:05,194 [INFO] gms2-mcp: Executing tool 'search_in_project'...
2026-04-28 21:36:05,805 [INFO] gms2-mcp: Tool 'search_in_project' finished in 0.611s
2026-04-28 21:36:10,368 [INFO] gms2-mcp: Executing tool 'list_assets'...
2026-04-28 21:36:10,746 [INFO] gms2-mcp: Tool 'list_assets' finished in 0.379s
2026-04-28 21:36:15,038 [INFO] gms2-mcp: Executing tool 'list_assets'...
2026-04-28 21:36:15,040 [INFO] gms2-mcp: Tool 'list_assets' finished in 0.002s
2026-04-28 21:36:20,854 [INFO] gms2-mcp: Executing tool 'get_gml_content'...
2026-04-28 21:36:20,856 [INFO] gms2-mcp: Tool 'get_gml_content' finished in 0.002s
2026-04-28 21:36:38,447 [INFO] gms2-mcp: Executing tool 'search_in_project'...
2026-04-28 21:36:38,558 [INFO] gms2-mcp: Tool 'search_in_project' finished in 0.111s
2026-04-28 21:36:46,277 [INFO] gms2-mcp: Executing tool 'get_object_info'...
2026-04-28 21:36:46,279 [INFO] gms2-mcp: Tool 'get_object_info' finished in 0.002s
2026-04-28 21:36:49,934 [INFO] gms2-mcp: Executing tool 'get_gml_content'...
2026-04-28 21:36:49,935 [INFO] gms2-mcp: Tool 'get_gml_content' finished in 0.001s
2026-04-28 21:37:00,473 [INFO] gms2-mcp: Executing tool 'decode_object_events'...
2026-04-28 21:37:00,475 [INFO] gms2-mcp: Tool 'decode_object_events' finished in 0.001s
2026-04-28 21:37:20,161 [INFO] gms2-mcp: Executing tool 'get_sprite_info'...
2026-04-28 21:37:20,163 [INFO] gms2-mcp: Tool 'get_sprite_info' finished in 0.002s
2026-04-28 21:37:44,716 [INFO] gms2-mcp: Executing tool 'get_shader_info'...
2026-04-28 21:37:44,721 [INFO] gms2-mcp: Tool 'get_shader_info' finished in 0.004s
2026-04-28 21:38:02,095 [INFO] gms2-mcp: Executing tool 'search_in_project'...
2026-04-28 21:38:02,214 [INFO] gms2-mcp: Tool 'search_in_project' finished in 0.120s
2026-04-28 21:38:09,095 [INFO] gms2-mcp: Executing tool 'get_gml_content'...
2026-04-28 21:38:09,097 [INFO] gms2-mcp: Tool 'get_gml_content' finished in 0.002s
2026-04-28 21:39:03,769 [INFO] gms2-mcp: Executing tool 'search_in_project'...
2026-04-28 21:39:03,881 [INFO] gms2-mcp: Tool 'search_in_project' finished in 0.112s
2026-04-28 21:39:08,520 [INFO] gms2-mcp: Executing tool 'get_gml_content'...
2026-04-28 21:39:08,522 [INFO] gms2-mcp: Tool 'get_gml_content' finished in 0.002s
2026-04-28 21:39:17,310 [INFO] gms2-mcp: Executing tool 'search_in_project'...
2026-04-28 21:39:17,438 [INFO] gms2-mcp: Tool 'search_in_project' finished in 0.128s
2026-04-28 21:39:52,962 [INFO] gms2-mcp: Executing tool 'search_in_project'...
2026-04-28 21:39:53,095 [INFO] gms2-mcp: Tool 'search_in_project' finished in 0.133s
2026-04-28 21:40:01,125 [INFO] gms2-mcp: Executing tool 'get_gml_content'...
2026-04-28 21:40:01,127 [INFO] gms2-mcp: Tool 'get_gml_content' finished in 0.001s
2026-04-28 21:40:13,282 [INFO] gms2-mcp: Executing tool 'get_gml_content'...
2026-04-28 21:40:13,284 [INFO] gms2-mcp: Tool 'get_gml_content' finished in 0.002s
2026-04-28 21:41:31,897 [INFO] gms2-mcp: Executing tool 'write_gml_file'...
2026-04-28 21:41:32,409 [INFO] gms2-mcp: Tool 'write_gml_file' finished in 0.512s
2026-04-28 21:41:34,138 [INFO] gms2-mcp: Executing tool 'write_gml_file'...
2026-04-28 21:41:34,142 [INFO] gms2-mcp: Tool 'write_gml_file' finished in 0.004s
2026-04-30 08:45:08,861 [INFO] gms2-mcp: ==================================================
2026-04-30 08:45:08,861 [INFO] gms2-mcp: GMS2 MCP Server starting
2026-04-30 08:45:08,862 [INFO] gms2-mcp: Project path: C:/Users/n0souls/Documents/GitHub/Undefinedtale-888/Undefinedtale888
2026-04-30 08:45:08,862 [INFO] gms2-mcp: Log file: C:\Users\n0souls\gms2-mcp-server\logs\mcp-server.log
2026-04-30 08:45:08,863 [INFO] gms2-mcp: Python: 3.12.8 (tags/v3.12.8:2dc476b, Dec  3 2024, 19:30:04) [MSC v.1942 64 bit (AMD64)]
2026-04-30 08:45:08,863 [INFO] gms2-mcp: ==================================================
2026-04-30 08:45:21,267 [INFO] gms2-mcp: ==================================================
2026-04-30 08:45:21,269 [INFO] gms2-mcp: GMS2 MCP Server starting
2026-04-30 08:45:21,269 [INFO] gms2-mcp: Project path: C:/Users/n0souls/Documents/GitHub/Undefinedtale-888/Undefinedtale888
2026-04-30 08:45:21,269 [INFO] gms2-mcp: Log file: C:\Users\n0souls\gms2-mcp-server\logs\mcp-server.log
2026-04-30 08:45:21,269 [INFO] gms2-mcp: Python: 3.12.8 (tags/v3.12.8:2dc476b, Dec  3 2024, 19:30:04) [MSC v.1942 64 bit (AMD64)]
2026-04-30 08:45:21,269 [INFO] gms2-mcp: ==================================================
2026-04-30 10:14:13,746 [INFO] gms2-mcp: GMS2 MCP Server shutdown complete
2026-04-30 10:14:14,359 [INFO] gms2-mcp: GMS2 MCP Server shutdown complete
2026-04-30 12:23:32,847 [INFO] gms2-mcp: ==================================================
2026-04-30 12:23:32,848 [INFO] gms2-mcp: GMS2 MCP Server starting
2026-04-30 12:23:32,848 [INFO] gms2-mcp: Project path: C:/Users/n0souls/Documents/GitHub/Undefinedtale-888/Undefinedtale888
2026-04-30 12:23:32,848 [INFO] gms2-mcp: Log file: C:\Users\n0souls\gms2-mcp-server\logs\mcp-server.log
2026-04-30 12:23:32,848 [INFO] gms2-mcp: Python: 3.12.8 (tags/v3.12.8:2dc476b, Dec  3 2024, 19:30:04) [MSC v.1942 64 bit (AMD64)]
2026-04-30 12:23:32,848 [INFO] gms2-mcp: ==================================================
2026-04-30 12:23:34,824 [INFO] gms2-mcp: GMS2 MCP Server shutdown complete
2026-04-30 13:21:52,379 [INFO] gms2-mcp: GMS2 MCP Server shutdown complete
2026-04-30 13:23:12,682 [INFO] gms2-mcp: ==================================================
2026-04-30 13:23:13,034 [INFO] gms2-mcp: GMS2 MCP Server starting
2026-04-30 13:23:13,039 [INFO] gms2-mcp: Project path: C:/Users/n0souls/Documents/GitHub/Undefinedtale-888/Undefinedtale888
2026-04-30 13:23:13,040 [INFO] gms2-mcp: Log file: C:\Users\n0souls\gms2-mcp-server\logs\mcp-server.log
2026-04-30 13:23:13,062 [INFO] gms2-mcp: Python: 3.12.8 (tags/v3.12.8:2dc476b, Dec  3 2024, 19:30:04) [MSC v.1942 64 bit (AMD64)]
2026-04-30 13:23:13,065 [INFO] gms2-mcp: ==================================================
2026-04-30 21:52:30,555 [INFO] gms2-mcp: Executing tool 'get_project_summary'...
2026-04-30 21:52:31,240 [INFO] gms2-mcp: Tool 'get_project_summary' finished in 0.686s
2026-04-30 21:52:36,324 [INFO] gms2-mcp: Executing tool 'get_gml_content'...
2026-04-30 21:52:36,325 [INFO] gms2-mcp: Tool 'get_gml_content' finished in 0.001s
2026-04-30 21:52:36,965 [INFO] gms2-mcp: Executing tool 'get_gml_content'...
2026-04-30 21:52:36,968 [INFO] gms2-mcp: Tool 'get_gml_content' finished in 0.003s
2026-04-30 21:52:37,117 [INFO] gms2-mcp: Executing tool 'get_gml_definitions_index'...
2026-04-30 21:52:37,535 [INFO] gms2-mcp: Tool 'get_gml_definitions_index' finished in 0.418s
2026-04-30 21:52:55,294 [INFO] gms2-mcp: Executing tool 'get_gml_content'...
2026-04-30 21:52:55,295 [INFO] gms2-mcp: Tool 'get_gml_content' finished in 0.001s
2026-04-30 21:53:14,420 [INFO] gms2-mcp: Executing tool 'search_in_project'...
2026-04-30 21:53:14,518 [INFO] gms2-mcp: Tool 'search_in_project' finished in 0.098s
2026-04-30 21:53:14,843 [INFO] gms2-mcp: Executing tool 'search_in_project'...
2026-04-30 21:53:15,275 [INFO] gms2-mcp: Tool 'search_in_project' finished in 0.432s
2026-04-30 21:53:15,465 [INFO] gms2-mcp: Executing tool 'get_gml_content'...
2026-04-30 21:53:15,467 [INFO] gms2-mcp: Tool 'get_gml_content' finished in 0.002s
2026-04-30 21:53:23,298 [INFO] gms2-mcp: Executing tool 'list_assets'...
2026-04-30 21:53:23,300 [INFO] gms2-mcp: Tool 'list_assets' finished in 0.002s
2026-04-30 21:53:23,918 [INFO] gms2-mcp: Executing tool 'search_in_project'...
2026-04-30 21:53:24,011 [INFO] gms2-mcp: Tool 'search_in_project' finished in 0.093s
2026-04-30 21:53:36,343 [INFO] gms2-mcp: Executing tool 'search_in_project'...
2026-04-30 21:53:36,422 [INFO] gms2-mcp: Tool 'search_in_project' finished in 0.079s
2026-04-30 21:53:56,078 [INFO] gms2-mcp: Executing tool 'list_assets'...
2026-04-30 21:53:56,080 [INFO] gms2-mcp: Tool 'list_assets' finished in 0.001s
2026-04-30 21:53:56,925 [INFO] gms2-mcp: Executing tool 'search_in_project'...
2026-04-30 21:53:56,997 [INFO] gms2-mcp: Tool 'search_in_project' finished in 0.071s
2026-04-30 21:54:05,646 [INFO] gms2-mcp: Executing tool 'search_in_project'...
2026-04-30 21:54:05,730 [INFO] gms2-mcp: Tool 'search_in_project' finished in 0.084s
2026-04-30 21:54:07,256 [INFO] gms2-mcp: Executing tool 'get_gml_content'...
2026-04-30 21:54:07,258 [INFO] gms2-mcp: Tool 'get_gml_content' finished in 0.002s
2026-04-30 21:54:07,712 [INFO] gms2-mcp: Executing tool 'get_gml_content'...
2026-04-30 21:54:07,715 [INFO] gms2-mcp: Tool 'get_gml_content' finished in 0.003s
2026-04-30 21:54:17,367 [INFO] gms2-mcp: Executing tool 'get_gml_content'...
2026-04-30 21:54:17,368 [INFO] gms2-mcp: Tool 'get_gml_content' finished in 0.001s
2026-04-30 21:54:17,874 [INFO] gms2-mcp: Executing tool 'search_in_project'...
2026-04-30 21:54:17,961 [INFO] gms2-mcp: Tool 'search_in_project' finished in 0.088s
2026-04-30 21:54:18,479 [INFO] gms2-mcp: Executing tool 'get_gml_content'...
2026-04-30 21:54:18,481 [INFO] gms2-mcp: Tool 'get_gml_content' finished in 0.002s
2026-04-30 21:54:51,547 [INFO] gms2-mcp: Executing tool 'search_in_project'...
2026-04-30 21:54:51,624 [INFO] gms2-mcp: Tool 'search_in_project' finished in 0.077s
2026-04-30 21:54:51,863 [INFO] gms2-mcp: Executing tool 'search_in_project'...
2026-04-30 21:54:51,951 [INFO] gms2-mcp: Tool 'search_in_project' finished in 0.087s
2026-04-30 21:55:33,847 [INFO] gms2-mcp: Executing tool 'get_gml_content'...
2026-04-30 21:55:33,849 [INFO] gms2-mcp: Tool 'get_gml_content' finished in 0.002s
2026-04-30 21:55:34,874 [INFO] gms2-mcp: Executing tool 'search_in_project'...
2026-04-30 21:55:35,012 [INFO] gms2-mcp: Tool 'search_in_project' finished in 0.138s
2026-04-30 21:56:11,384 [INFO] gms2-mcp: Executing tool 'get_gml_content'...
2026-04-30 21:56:11,387 [INFO] gms2-mcp: Tool 'get_gml_content' finished in 0.003s
2026-04-30 21:56:11,831 [INFO] gms2-mcp: Executing tool 'search_in_project'...
2026-04-30 21:56:11,899 [INFO] gms2-mcp: Tool 'search_in_project' finished in 0.068s
2026-04-30 21:57:01,973 [INFO] gms2-mcp: Executing tool 'search_in_project'...
2026-04-30 21:57:02,066 [INFO] gms2-mcp: Tool 'search_in_project' finished in 0.093s
2026-04-30 21:57:02,886 [INFO] gms2-mcp: Executing tool 'search_in_project'...
2026-04-30 21:57:02,953 [INFO] gms2-mcp: Tool 'search_in_project' finished in 0.067s
2026-04-30 21:58:45,540 [INFO] gms2-mcp: Executing tool 'search_in_project'...
2026-04-30 21:58:45,649 [INFO] gms2-mcp: Tool 'search_in_project' finished in 0.109s
2026-04-30 21:58:51,739 [INFO] gms2-mcp: Executing tool 'search_in_project'...
2026-04-30 21:58:51,845 [INFO] gms2-mcp: Tool 'search_in_project' finished in 0.106s
2026-04-30 21:58:52,253 [INFO] gms2-mcp: Executing tool 'search_in_project'...
2026-04-30 21:58:52,344 [INFO] gms2-mcp: Tool 'search_in_project' finished in 0.091s
2026-04-30 22:00:36,272 [INFO] gms2-mcp: Executing tool 'search_in_project'...
2026-04-30 22:00:36,368 [INFO] gms2-mcp: Tool 'search_in_project' finished in 0.095s
2026-04-30 22:00:53,023 [INFO] gms2-mcp: Executing tool 'search_in_project'...
2026-04-30 22:00:53,110 [INFO] gms2-mcp: Tool 'search_in_project' finished in 0.087s
2026-04-30 22:09:34,981 [INFO] gms2-mcp: Executing tool 'get_gml_content'...
2026-04-30 22:09:34,983 [INFO] gms2-mcp: Tool 'get_gml_content' finished in 0.002s
2026-04-30 22:09:41,994 [INFO] gms2-mcp: Executing tool 'get_gml_content'...
2026-04-30 22:09:42,003 [INFO] gms2-mcp: Tool 'get_gml_content' finished in 0.009s
2026-04-30 22:10:12,956 [INFO] gms2-mcp: Executing tool 'get_gml_content'...
2026-04-30 22:10:12,958 [INFO] gms2-mcp: Tool 'get_gml_content' finished in 0.002s
2026-04-30 22:10:13,624 [INFO] gms2-mcp: Executing tool 'get_gml_content'...
2026-04-30 22:10:13,626 [INFO] gms2-mcp: Tool 'get_gml_content' finished in 0.002s
2026-04-30 22:10:36,886 [INFO] gms2-mcp: Executing tool 'get_gml_content'...
2026-04-30 22:10:36,886 [INFO] gms2-mcp: Tool 'get_gml_content' finished in 0.000s
2026-04-30 22:10:43,084 [INFO] gms2-mcp: Executing tool 'get_gml_content'...
2026-04-30 22:10:43,086 [INFO] gms2-mcp: Tool 'get_gml_content' finished in 0.002s
2026-04-30 22:10:43,957 [INFO] gms2-mcp: Executing tool 'get_gml_content'...
2026-04-30 22:10:43,959 [INFO] gms2-mcp: Tool 'get_gml_content' finished in 0.002s
2026-05-01 02:28:59,665 [INFO] gms2-mcp: Executing tool 'get_gml_content'...
2026-05-01 02:28:59,668 [INFO] gms2-mcp: Tool 'get_gml_content' finished in 0.003s
2026-05-01 02:29:00,155 [INFO] gms2-mcp: Executing tool 'get_gml_content'...
2026-05-01 02:29:00,156 [INFO] gms2-mcp: Tool 'get_gml_content' finished in 0.002s
2026-05-01 02:30:25,970 [INFO] gms2-mcp: Executing tool 'get_gml_content'...
2026-05-01 02:30:25,973 [INFO] gms2-mcp: Tool 'get_gml_content' finished in 0.003s
2026-05-01 02:30:26,493 [INFO] gms2-mcp: Executing tool 'get_gml_content'...
2026-05-01 02:30:26,496 [INFO] gms2-mcp: Tool 'get_gml_content' finished in 0.003s
2026-05-01 03:05:11,445 [INFO] gms2-mcp: Executing tool 'search_in_project'...
2026-05-01 03:05:11,634 [INFO] gms2-mcp: Tool 'search_in_project' finished in 0.190s
2026-05-01 03:05:11,685 [INFO] gms2-mcp: Executing tool 'search_in_project'...
2026-05-01 03:05:11,885 [INFO] gms2-mcp: Executing tool 'search_in_project'...
2026-05-01 03:05:11,901 [INFO] gms2-mcp: Tool 'search_in_project' finished in 0.216s
2026-05-01 03:05:12,084 [INFO] gms2-mcp: Tool 'search_in_project' finished in 0.199s
2026-05-01 03:05:16,314 [INFO] gms2-mcp: Executing tool 'get_gml_content'...
2026-05-01 03:05:16,316 [INFO] gms2-mcp: Executing tool 'get_gml_content'...
2026-05-01 03:05:16,320 [INFO] gms2-mcp: Tool 'get_gml_content' finished in 0.006s
2026-05-01 03:05:16,325 [INFO] gms2-mcp: Tool 'get_gml_content' finished in 0.009s
2026-05-01 03:05:23,903 [INFO] gms2-mcp: Executing tool 'search_in_project'...
2026-05-01 03:05:24,042 [INFO] gms2-mcp: Tool 'search_in_project' finished in 0.139s
2026-05-01 03:05:24,160 [INFO] gms2-mcp: Executing tool 'search_in_project'...
2026-05-01 03:05:24,280 [INFO] gms2-mcp: Tool 'search_in_project' finished in 0.120s
2026-05-01 03:05:24,415 [INFO] gms2-mcp: Executing tool 'search_in_project'...
2026-05-01 03:05:24,548 [INFO] gms2-mcp: Tool 'search_in_project' finished in 0.134s
2026-05-01 03:05:30,196 [INFO] gms2-mcp: Executing tool 'search_in_project'...
2026-05-01 03:05:30,239 [INFO] gms2-mcp: Tool 'search_in_project' finished in 0.043s
2026-05-01 03:05:30,374 [INFO] gms2-mcp: Executing tool 'search_in_project'...
2026-05-01 03:05:30,511 [INFO] gms2-mcp: Tool 'search_in_project' finished in 0.137s
2026-05-01 03:05:30,577 [INFO] gms2-mcp: Executing tool 'search_in_project'...
2026-05-01 03:05:30,731 [INFO] gms2-mcp: Tool 'search_in_project' finished in 0.153s
2026-05-01 03:05:34,912 [INFO] gms2-mcp: Executing tool 'get_gml_content'...
2026-05-01 03:05:34,915 [INFO] gms2-mcp: Tool 'get_gml_content' finished in 0.003s
2026-05-01 03:05:49,908 [INFO] gms2-mcp: Executing tool 'search_in_project'...
2026-05-01 03:05:50,074 [INFO] gms2-mcp: Executing tool 'search_in_project'...
2026-05-01 03:05:50,134 [INFO] gms2-mcp: Tool 'search_in_project' finished in 0.226s
2026-05-01 03:05:50,371 [INFO] gms2-mcp: Tool 'search_in_project' finished in 0.296s
2026-05-01 03:06:06,576 [INFO] gms2-mcp: Executing tool 'get_gml_content'...
2026-05-01 03:06:06,580 [INFO] gms2-mcp: Tool 'get_gml_content' finished in 0.004s
2026-05-01 03:06:11,077 [INFO] gms2-mcp: Executing tool 'search_in_project'...
2026-05-01 03:06:11,200 [INFO] gms2-mcp: Tool 'search_in_project' finished in 0.122s
2026-05-01 03:06:15,766 [INFO] gms2-mcp: Executing tool 'get_gml_content'...
2026-05-01 03:06:15,769 [INFO] gms2-mcp: Tool 'get_gml_content' finished in 0.003s
2026-05-01 03:06:20,065 [INFO] gms2-mcp: Executing tool 'search_in_project'...
2026-05-01 03:06:20,270 [INFO] gms2-mcp: Tool 'search_in_project' finished in 0.205s
2026-05-01 03:06:28,802 [INFO] gms2-mcp: Executing tool 'search_in_project'...
2026-05-01 03:06:28,929 [INFO] gms2-mcp: Tool 'search_in_project' finished in 0.127s
2026-05-01 03:06:36,236 [INFO] gms2-mcp: Executing tool 'get_gml_content'...
2026-05-01 03:06:36,239 [INFO] gms2-mcp: Tool 'get_gml_content' finished in 0.003s
2026-05-01 03:06:40,130 [INFO] gms2-mcp: Executing tool 'search_in_project'...
2026-05-01 03:06:40,206 [INFO] gms2-mcp: Tool 'search_in_project' finished in 0.076s
2026-05-01 03:06:40,421 [INFO] gms2-mcp: Executing tool 'search_in_project'...
2026-05-01 03:06:40,602 [INFO] gms2-mcp: Tool 'search_in_project' finished in 0.181s
2026-05-01 03:06:40,662 [INFO] gms2-mcp: Executing tool 'search_in_project'...
2026-05-01 03:06:40,766 [INFO] gms2-mcp: Tool 'search_in_project' finished in 0.104s
2026-05-01 03:06:43,520 [INFO] gms2-mcp: Executing tool 'search_in_project'...
2026-05-01 03:06:43,724 [INFO] gms2-mcp: Tool 'search_in_project' finished in 0.204s
2026-05-01 03:06:47,375 [INFO] gms2-mcp: Executing tool 'get_gml_content'...
2026-05-01 03:06:47,377 [INFO] gms2-mcp: Tool 'get_gml_content' finished in 0.002s
2026-05-01 03:06:51,039 [INFO] gms2-mcp: Executing tool 'search_in_project'...
2026-05-01 03:06:51,190 [INFO] gms2-mcp: Tool 'search_in_project' finished in 0.152s
2026-05-01 03:06:55,350 [INFO] gms2-mcp: Executing tool 'search_in_project'...
2026-05-01 03:06:55,481 [INFO] gms2-mcp: Tool 'search_in_project' finished in 0.131s
2026-05-01 03:06:55,610 [INFO] gms2-mcp: Executing tool 'search_in_project'...
2026-05-01 03:06:55,633 [INFO] gms2-mcp: Tool 'search_in_project' finished in 0.025s
2026-05-01 03:06:55,800 [INFO] gms2-mcp: Executing tool 'search_in_project'...
2026-05-01 03:06:55,833 [INFO] gms2-mcp: Tool 'search_in_project' finished in 0.033s
2026-05-01 19:22:43,585 [INFO] gms2-mcp: ==================================================
2026-05-01 19:22:43,585 [INFO] gms2-mcp: GMS2 MCP Server starting
2026-05-01 19:22:43,585 [INFO] gms2-mcp: Project path: C:/Users/n0souls/Documents/GitHub/Undefinedtale-888/Undefinedtale888
2026-05-01 19:22:43,586 [INFO] gms2-mcp: Log file: C:\Users\n0souls\gms2-mcp-server\logs\mcp-server.log
2026-05-01 19:22:43,586 [INFO] gms2-mcp: Python: 3.12.8 (tags/v3.12.8:2dc476b, Dec  3 2024, 19:30:04) [MSC v.1942 64 bit (AMD64)]
2026-05-01 19:22:43,586 [INFO] gms2-mcp: ==================================================
2026-05-01 19:23:09,453 [INFO] gms2-mcp: GMS2 MCP Server shutdown complete
2026-05-03 07:44:43,472 [INFO] gms2-mcp: Executing tool 'get_project_summary'...
2026-05-03 07:44:43,497 [INFO] gms2-mcp: Executing tool 'scan_project'...
2026-05-03 07:44:43,499 [INFO] gms2-mcp: Executing tool 'scan_project'...
2026-05-03 07:44:43,595 [INFO] gms2-mcp: Executing tool 'scan_project'...
2026-05-03 07:44:43,977 [INFO] gms2-mcp: Tool 'scan_project' finished in 0.479s
2026-05-03 07:44:43,989 [INFO] gms2-mcp: Tool 'get_project_summary' finished in 0.517s
2026-05-03 07:44:43,992 [INFO] gms2-mcp: Tool 'scan_project' finished in 0.492s
2026-05-03 07:44:43,994 [INFO] gms2-mcp: Tool 'scan_project' finished in 0.399s
2026-05-03 07:59:28,892 [INFO] gms2-mcp: Executing tool 'get_object_info'...
2026-05-03 07:59:28,897 [INFO] gms2-mcp: Tool 'get_object_info' finished in 0.005s
2026-05-03 07:59:29,119 [INFO] gms2-mcp: Executing tool 'get_object_info'...
2026-05-03 07:59:29,120 [INFO] gms2-mcp: Tool 'get_object_info' finished in 0.002s
2026-05-03 07:59:43,425 [INFO] gms2-mcp: Executing tool 'get_gml_content'...
2026-05-03 07:59:43,790 [INFO] gms2-mcp: Tool 'get_gml_content' finished in 0.365s
2026-05-03 07:59:43,792 [INFO] gms2-mcp: Executing tool 'get_gml_content'...
2026-05-03 07:59:43,796 [INFO] gms2-mcp: Tool 'get_gml_content' finished in 0.003s
2026-05-03 08:11:42,834 [INFO] gms2-mcp: Executing tool 'list_assets'...
2026-05-03 08:11:42,837 [INFO] gms2-mcp: Tool 'list_assets' finished in 0.003s
2026-05-03 08:11:47,496 [INFO] gms2-mcp: Executing tool 'create_script'...
2026-05-03 08:11:47,796 [INFO] gms2-mcp: Tool 'create_script' finished in 0.299s
2026-05-03 08:11:55,229 [INFO] gms2-mcp: Executing tool 'write_gml_file'...
2026-05-03 08:11:55,233 [INFO] gms2-mcp: Tool 'write_gml_file' finished in 0.005s
2026-05-03 08:12:07,217 [INFO] gms2-mcp: Executing tool 'write_gml_file'...
2026-05-03 08:12:07,218 [INFO] gms2-mcp: Tool 'write_gml_file' finished in 0.002s
2026-05-03 08:14:10,859 [INFO] gms2-mcp: Executing tool 'get_gml_content'...
2026-05-03 08:14:10,861 [INFO] gms2-mcp: Tool 'get_gml_content' finished in 0.002s
2026-05-03 08:14:11,235 [INFO] gms2-mcp: Executing tool 'get_gml_content'...
2026-05-03 08:14:11,237 [INFO] gms2-mcp: Tool 'get_gml_content' finished in 0.002s
2026-05-03 08:14:11,642 [INFO] gms2-mcp: Executing tool 'get_gml_content'...
2026-05-03 08:14:11,996 [INFO] gms2-mcp: Tool 'get_gml_content' finished in 0.001s
2026-05-03 08:14:11,999 [INFO] gms2-mcp: Executing tool 'get_gml_content'...
2026-05-03 08:14:12,001 [INFO] gms2-mcp: Tool 'get_gml_content' finished in 0.002s
2026-05-03 08:14:12,299 [INFO] gms2-mcp: Executing tool 'get_gml_content'...
2026-05-03 08:14:12,301 [INFO] gms2-mcp: Tool 'get_gml_content' finished in 0.002s
2026-05-03 08:14:21,495 [INFO] gms2-mcp: Executing tool 'get_gml_content'...
2026-05-03 08:14:21,496 [INFO] gms2-mcp: Tool 'get_gml_content' finished in 0.001s
2026-05-03 08:14:21,958 [INFO] gms2-mcp: Executing tool 'get_gml_content'...
2026-05-03 08:14:21,958 [INFO] gms2-mcp: Tool 'get_gml_content' finished in 0.000s
2026-05-03 08:53:10,328 [INFO] gms2-mcp: ==================================================
2026-05-03 08:53:10,328 [INFO] gms2-mcp: GMS2 MCP Server starting
2026-05-03 08:53:10,328 [INFO] gms2-mcp: Project path: C:/Users/n0souls/Documents/GitHub/Undefinedtale-888/Undefinedtale888
2026-05-03 08:53:10,328 [INFO] gms2-mcp: Log file: C:\Users\n0souls\gms2-mcp-server\logs\mcp-server.log
2026-05-03 08:53:10,328 [INFO] gms2-mcp: Python: 3.12.8 (tags/v3.12.8:2dc476b, Dec  3 2024, 19:30:04) [MSC v.1942 64 bit (AMD64)]
2026-05-03 08:53:10,328 [INFO] gms2-mcp: ==================================================
2026-05-03 08:53:44,217 [INFO] gms2-mcp: ==================================================
2026-05-03 08:53:44,217 [INFO] gms2-mcp: GMS2 MCP Server starting
2026-05-03 08:53:44,217 [INFO] gms2-mcp: Project path: C:/Users/n0souls/Documents/GitHub/Undefinedtale-888/Undefinedtale888
2026-05-03 08:53:44,218 [INFO] gms2-mcp: Log file: C:\Users\n0souls\gms2-mcp-server\logs\mcp-server.log
2026-05-03 08:53:44,218 [INFO] gms2-mcp: Python: 3.12.8 (tags/v3.12.8:2dc476b, Dec  3 2024, 19:30:04) [MSC v.1942 64 bit (AMD64)]
2026-05-03 08:53:44,218 [INFO] gms2-mcp: ==================================================
2026-05-03 09:28:57,145 [INFO] gms2-mcp: Executing tool 'get_gml_content'...
2026-05-03 09:28:57,175 [INFO] gms2-mcp: Executing tool 'get_gml_content'...
2026-05-03 09:28:57,182 [INFO] gms2-mcp: Executing tool 'get_gml_content'...
2026-05-03 09:28:57,188 [INFO] gms2-mcp: Executing tool 'get_gml_content'...
2026-05-03 09:28:57,193 [INFO] gms2-mcp: Executing tool 'get_gml_content'...
2026-05-03 09:28:57,316 [INFO] gms2-mcp: Tool 'get_gml_content' finished in 0.130s
2026-05-03 09:28:57,333 [INFO] gms2-mcp: Tool 'get_gml_content' finished in 0.189s
2026-05-03 09:28:57,337 [INFO] gms2-mcp: Tool 'get_gml_content' finished in 0.148s
2026-05-03 09:28:57,461 [INFO] gms2-mcp: GMS2 MCP Server shutdown complete
2026-05-03 09:29:13,789 [INFO] gms2-mcp: ==================================================
2026-05-03 09:29:13,792 [INFO] gms2-mcp: GMS2 MCP Server starting
2026-05-03 09:29:13,792 [INFO] gms2-mcp: Project path: C:/Users/n0souls/Documents/GitHub/Undefinedtale-888/Undefinedtale888
2026-05-03 09:29:13,793 [INFO] gms2-mcp: Log file: C:\Users\n0souls\gms2-mcp-server\logs\mcp-server.log
2026-05-03 09:29:13,793 [INFO] gms2-mcp: Python: 3.12.8 (tags/v3.12.8:2dc476b, Dec  3 2024, 19:30:04) [MSC v.1942 64 bit (AMD64)]
2026-05-03 09:29:13,793 [INFO] gms2-mcp: ==================================================
2026-05-03 09:29:13,885 [INFO] gms2-mcp: GMS2 MCP Server shutdown complete
2026-05-03 09:29:19,481 [INFO] gms2-mcp: ==================================================
2026-05-03 09:29:19,481 [INFO] gms2-mcp: GMS2 MCP Server starting
2026-05-03 09:29:19,481 [INFO] gms2-mcp: Project path: C:/Users/n0souls/Documents/GitHub/Undefinedtale-888/Undefinedtale888
2026-05-03 09:29:19,481 [INFO] gms2-mcp: Log file: C:\Users\n0souls\gms2-mcp-server\logs\mcp-server.log
2026-05-03 09:29:19,481 [INFO] gms2-mcp: Python: 3.12.8 (tags/v3.12.8:2dc476b, Dec  3 2024, 19:30:04) [MSC v.1942 64 bit (AMD64)]
2026-05-03 09:29:19,483 [INFO] gms2-mcp: ==================================================
2026-05-03 09:30:58,984 [INFO] gms2-mcp: GMS2 MCP Server shutdown complete
2026-05-03 09:32:24,979 [INFO] gms2-mcp: ==================================================
2026-05-03 09:32:24,979 [INFO] gms2-mcp: GMS2 MCP Server starting
2026-05-03 09:32:24,979 [INFO] gms2-mcp: Project path: C:/Users/n0souls/Documents/GitHub/Undefinedtale-888/Undefinedtale888
2026-05-03 09:32:24,979 [INFO] gms2-mcp: Log file: C:\Users\n0souls\gms2-mcp-server\logs\mcp-server.log
2026-05-03 09:32:24,981 [INFO] gms2-mcp: Python: 3.12.8 (tags/v3.12.8:2dc476b, Dec  3 2024, 19:30:04) [MSC v.1942 64 bit (AMD64)]
2026-05-03 09:32:24,981 [INFO] gms2-mcp: ==================================================
2026-05-03 09:39:38,998 [INFO] gms2-mcp: Executing tool 'get_gml_content'...
2026-05-03 09:39:39,003 [INFO] gms2-mcp: Tool 'get_gml_content' finished in 0.005s
2026-05-03 09:39:46,360 [INFO] gms2-mcp: Executing tool 'get_gml_content'...
2026-05-03 09:39:46,362 [INFO] gms2-mcp: Tool 'get_gml_content' finished in 0.003s
2026-05-03 09:39:50,009 [INFO] gms2-mcp: Executing tool 'get_gml_content'...
2026-05-03 09:39:50,012 [INFO] gms2-mcp: Tool 'get_gml_content' finished in 0.003s
2026-05-03 09:39:56,517 [INFO] gms2-mcp: Executing tool 'get_gml_content'...
2026-05-03 09:39:56,520 [INFO] gms2-mcp: Tool 'get_gml_content' finished in 0.004s
2026-05-03 09:40:02,531 [INFO] gms2-mcp: Executing tool 'get_gml_content'...
2026-05-03 09:40:02,541 [INFO] gms2-mcp: Tool 'get_gml_content' finished in 0.009s
2026-05-03 09:40:04,011 [INFO] gms2-mcp: Executing tool 'get_gml_content'...
2026-05-03 09:40:04,015 [INFO] gms2-mcp: Tool 'get_gml_content' finished in 0.004s
2026-05-03 09:40:07,168 [INFO] gms2-mcp: Executing tool 'get_gml_content'...
2026-05-03 09:40:07,178 [INFO] gms2-mcp: Tool 'get_gml_content' finished in 0.009s
2026-05-03 09:40:17,047 [INFO] gms2-mcp: Executing tool 'get_gml_content'...
2026-05-03 09:40:17,050 [INFO] gms2-mcp: Tool 'get_gml_content' finished in 0.003s
2026-05-03 09:40:25,855 [INFO] gms2-mcp: Executing tool 'get_gml_content'...
2026-05-03 09:40:25,860 [INFO] gms2-mcp: Tool 'get_gml_content' finished in 0.005s
2026-05-03 09:46:01,349 [INFO] gms2-mcp: Executing tool 'get_gml_content'...
2026-05-03 09:46:01,352 [INFO] gms2-mcp: Tool 'get_gml_content' finished in 0.003s
2026-05-03 09:46:05,480 [INFO] gms2-mcp: Executing tool 'get_gml_content'...
2026-05-03 09:46:05,485 [INFO] gms2-mcp: Tool 'get_gml_content' finished in 0.004s
2026-05-03 09:46:08,063 [INFO] gms2-mcp: Executing tool 'get_gml_content'...
2026-05-03 09:46:08,064 [INFO] gms2-mcp: Tool 'get_gml_content' finished in 0.001s
2026-05-03 09:46:13,274 [INFO] gms2-mcp: Executing tool 'get_gml_content'...
2026-05-03 09:46:13,278 [INFO] gms2-mcp: Tool 'get_gml_content' finished in 0.003s
2026-05-03 09:46:46,451 [INFO] gms2-mcp: Executing tool 'get_gml_content'...
2026-05-03 09:46:46,454 [INFO] gms2-mcp: Tool 'get_gml_content' finished in 0.003s
2026-05-03 09:46:49,111 [INFO] gms2-mcp: Executing tool 'get_gml_content'...
2026-05-03 09:46:49,114 [INFO] gms2-mcp: Tool 'get_gml_content' finished in 0.003s
2026-05-03 09:46:58,436 [INFO] gms2-mcp: Executing tool 'get_gml_content'...
2026-05-03 09:46:58,437 [INFO] gms2-mcp: Tool 'get_gml_content' finished in 0.001s
2026-05-03 09:47:01,855 [INFO] gms2-mcp: Executing tool 'get_gml_content'...
2026-05-03 09:47:01,857 [INFO] gms2-mcp: Tool 'get_gml_content' finished in 0.002s
2026-05-03 09:47:09,915 [INFO] gms2-mcp: Executing tool 'get_gml_content'...
2026-05-03 09:47:09,918 [INFO] gms2-mcp: Tool 'get_gml_content' finished in 0.003s
2026-05-03 09:47:59,726 [INFO] gms2-mcp: Executing tool 'search_in_project'...
2026-05-03 09:48:00,705 [INFO] gms2-mcp: Tool 'search_in_project' finished in 0.979s
2026-05-03 09:48:09,016 [INFO] gms2-mcp: Executing tool 'search_in_project'...
2026-05-03 09:48:09,390 [INFO] gms2-mcp: Tool 'search_in_project' finished in 0.374s
2026-05-03 09:48:15,893 [INFO] gms2-mcp: Executing tool 'search_in_project'...
2026-05-03 09:48:16,224 [INFO] gms2-mcp: Tool 'search_in_project' finished in 0.332s
2026-05-03 09:48:16,478 [INFO] gms2-mcp: Executing tool 'search_in_project'...
2026-05-03 09:48:16,857 [INFO] gms2-mcp: Tool 'search_in_project' finished in 0.379s
2026-05-03 09:48:40,626 [INFO] gms2-mcp: Executing tool 'get_gml_content'...
2026-05-03 09:48:40,630 [INFO] gms2-mcp: Tool 'get_gml_content' finished in 0.003s
2026-05-03 09:55:27,228 [INFO] gms2-mcp: Executing tool 'get_object_info'...
2026-05-03 09:55:27,333 [INFO] gms2-mcp: Tool 'get_object_info' finished in 0.106s
2026-05-03 09:55:27,830 [INFO] gms2-mcp: Executing tool 'get_gml_content'...
2026-05-03 09:55:27,832 [INFO] gms2-mcp: Tool 'get_gml_content' finished in 0.001s
2026-05-03 09:55:30,563 [INFO] gms2-mcp: Executing tool 'get_gml_content'...
2026-05-03 09:55:30,565 [INFO] gms2-mcp: Tool 'get_gml_content' finished in 0.001s
2026-05-03 09:55:39,406 [INFO] gms2-mcp: Executing tool 'get_gml_content'...
2026-05-03 09:55:39,408 [INFO] gms2-mcp: Tool 'get_gml_content' finished in 0.002s
2026-05-03 09:55:40,427 [INFO] gms2-mcp: Executing tool 'get_gml_content'...
2026-05-03 09:55:40,431 [INFO] gms2-mcp: Tool 'get_gml_content' finished in 0.003s
2026-05-03 09:56:11,016 [INFO] gms2-mcp: Executing tool 'get_gml_content'...
2026-05-03 09:56:11,018 [INFO] gms2-mcp: Tool 'get_gml_content' finished in 0.002s
2026-05-03 09:56:11,632 [INFO] gms2-mcp: Executing tool 'get_gml_content'...
2026-05-03 09:56:11,634 [INFO] gms2-mcp: Tool 'get_gml_content' finished in 0.002s
2026-05-03 09:56:15,807 [INFO] gms2-mcp: Executing tool 'get_gml_content'...
2026-05-03 09:56:15,810 [INFO] gms2-mcp: Tool 'get_gml_content' finished in 0.003s
2026-05-03 09:56:25,858 [INFO] gms2-mcp: Executing tool 'get_gml_content'...
2026-05-03 09:56:25,859 [INFO] gms2-mcp: Tool 'get_gml_content' finished in 0.002s
2026-05-03 09:56:27,956 [INFO] gms2-mcp: Executing tool 'get_gml_content'...
2026-05-03 09:56:28,041 [INFO] gms2-mcp: Tool 'get_gml_content' finished in 0.001s
2026-05-03 09:56:29,455 [INFO] gms2-mcp: Executing tool 'get_gml_content'...
2026-05-03 09:56:29,456 [INFO] gms2-mcp: Tool 'get_gml_content' finished in 0.002s
2026-05-03 09:56:29,957 [INFO] gms2-mcp: Executing tool 'get_gml_content'...
2026-05-03 09:56:29,959 [INFO] gms2-mcp: Tool 'get_gml_content' finished in 0.002s
2026-05-03 09:56:32,726 [INFO] gms2-mcp: Executing tool 'get_gml_content'...
2026-05-03 09:56:32,727 [INFO] gms2-mcp: Tool 'get_gml_content' finished in 0.001s
2026-05-03 09:56:41,166 [INFO] gms2-mcp: Executing tool 'get_gml_content'...
2026-05-03 09:56:41,168 [INFO] gms2-mcp: Tool 'get_gml_content' finished in 0.002s
2026-05-03 09:57:31,044 [INFO] gms2-mcp: Executing tool 'get_gml_content'...
2026-05-03 09:57:31,045 [INFO] gms2-mcp: Tool 'get_gml_content' finished in 0.001s
2026-05-03 09:57:31,855 [INFO] gms2-mcp: Executing tool 'get_gml_content'...
2026-05-03 09:57:31,855 [INFO] gms2-mcp: Tool 'get_gml_content' finished in 0.001s
2026-05-03 09:57:36,626 [INFO] gms2-mcp: Executing tool 'get_gml_content'...
2026-05-03 09:57:36,628 [INFO] gms2-mcp: Tool 'get_gml_content' finished in 0.003s
2026-05-03 10:03:40,676 [INFO] gms2-mcp: Executing tool 'get_object_info'...
2026-05-03 10:03:40,677 [INFO] gms2-mcp: Tool 'get_object_info' finished in 0.002s
2026-05-03 10:03:41,070 [INFO] gms2-mcp: Executing tool 'get_object_info'...
2026-05-03 10:03:41,071 [INFO] gms2-mcp: Tool 'get_object_info' finished in 0.001s
2026-05-03 10:03:43,295 [INFO] gms2-mcp: Executing tool 'get_gml_content'...
2026-05-03 10:03:43,296 [INFO] gms2-mcp: Tool 'get_gml_content' finished in 0.001s
2026-05-03 10:03:48,180 [INFO] gms2-mcp: Executing tool 'get_gml_content'...
2026-05-03 10:03:48,181 [INFO] gms2-mcp: Tool 'get_gml_content' finished in 0.001s
2026-05-03 10:03:55,320 [INFO] gms2-mcp: Executing tool 'get_gml_content'...
2026-05-03 10:03:55,320 [INFO] gms2-mcp: Tool 'get_gml_content' finished in 0.001s
2026-05-03 10:05:08,620 [INFO] gms2-mcp: Executing tool 'get_gml_content'...
2026-05-03 10:05:08,622 [INFO] gms2-mcp: Tool 'get_gml_content' finished in 0.003s
2026-05-03 10:05:12,296 [INFO] gms2-mcp: Executing tool 'get_object_info'...
2026-05-03 10:05:12,297 [INFO] gms2-mcp: Tool 'get_object_info' finished in 0.002s
2026-05-03 10:05:16,091 [INFO] gms2-mcp: Executing tool 'get_object_info'...
2026-05-03 10:05:16,092 [INFO] gms2-mcp: Tool 'get_object_info' finished in 0.001s
2026-05-03 10:05:16,558 [INFO] gms2-mcp: Executing tool 'get_object_info'...
2026-05-03 10:05:16,559 [INFO] gms2-mcp: Tool 'get_object_info' finished in 0.001s
2026-05-03 10:05:16,820 [INFO] gms2-mcp: Executing tool 'get_object_info'...
2026-05-03 10:05:16,823 [INFO] gms2-mcp: Tool 'get_object_info' finished in 0.003s
2026-05-03 10:05:49,410 [INFO] gms2-mcp: Executing tool 'get_gml_content'...
2026-05-03 10:05:49,412 [INFO] gms2-mcp: Tool 'get_gml_content' finished in 0.002s
2026-05-03 10:05:53,074 [INFO] gms2-mcp: Executing tool 'get_gml_content'...
2026-05-03 10:05:53,075 [INFO] gms2-mcp: Tool 'get_gml_content' finished in 0.001s
2026-05-03 10:05:55,609 [INFO] gms2-mcp: Executing tool 'get_gml_content'...
2026-05-03 10:05:55,611 [INFO] gms2-mcp: Tool 'get_gml_content' finished in 0.002s
2026-05-03 10:06:00,236 [INFO] gms2-mcp: Executing tool 'get_gml_content'...
2026-05-03 10:06:00,237 [INFO] gms2-mcp: Tool 'get_gml_content' finished in 0.001s
2026-05-03 10:06:00,876 [INFO] gms2-mcp: Executing tool 'get_gml_content'...
2026-05-03 10:06:00,878 [INFO] gms2-mcp: Tool 'get_gml_content' finished in 0.002s
2026-05-03 10:06:03,529 [INFO] gms2-mcp: Executing tool 'get_gml_content'...
2026-05-03 10:06:03,531 [INFO] gms2-mcp: Tool 'get_gml_content' finished in 0.002s
2026-05-03 10:06:37,640 [INFO] gms2-mcp: Executing tool 'get_gml_content'...
2026-05-03 10:06:37,641 [INFO] gms2-mcp: Tool 'get_gml_content' finished in 0.001s
2026-05-03 10:06:41,632 [INFO] gms2-mcp: Executing tool 'get_gml_content'...
2026-05-03 10:06:41,634 [INFO] gms2-mcp: Tool 'get_gml_content' finished in 0.001s
2026-05-03 10:06:42,219 [INFO] gms2-mcp: Executing tool 'get_gml_content'...
2026-05-03 10:06:42,220 [INFO] gms2-mcp: Tool 'get_gml_content' finished in 0.001s
2026-05-03 10:06:43,707 [INFO] gms2-mcp: Executing tool 'get_gml_content'...
2026-05-03 10:06:43,708 [INFO] gms2-mcp: Tool 'get_gml_content' finished in 0.001s
2026-05-03 10:06:53,121 [INFO] gms2-mcp: Executing tool 'search_in_project'...
2026-05-03 10:06:53,229 [INFO] gms2-mcp: Tool 'search_in_project' finished in 0.108s
2026-05-03 10:11:28,542 [INFO] gms2-mcp: Executing tool 'get_object_info'...
2026-05-03 10:11:28,545 [INFO] gms2-mcp: Tool 'get_object_info' finished in 0.002s
2026-05-03 10:11:34,732 [INFO] gms2-mcp: Executing tool 'get_object_info'...
2026-05-03 10:11:34,732 [INFO] gms2-mcp: Tool 'get_object_info' finished in 0.000s
2026-05-03 10:11:35,317 [INFO] gms2-mcp: Executing tool 'get_object_info'...
2026-05-03 10:11:35,318 [INFO] gms2-mcp: Tool 'get_object_info' finished in 0.001s
2026-05-03 10:11:35,721 [INFO] gms2-mcp: Executing tool 'get_object_info'...
2026-05-03 10:11:35,723 [INFO] gms2-mcp: Tool 'get_object_info' finished in 0.002s
2026-05-03 10:11:36,147 [INFO] gms2-mcp: Executing tool 'get_gml_content'...
2026-05-03 10:11:36,151 [INFO] gms2-mcp: Tool 'get_gml_content' finished in 0.004s
2026-05-03 10:11:55,338 [INFO] gms2-mcp: Executing tool 'get_gml_content'...
2026-05-03 10:11:55,340 [INFO] gms2-mcp: Tool 'get_gml_content' finished in 0.002s
2026-05-03 10:11:56,502 [INFO] gms2-mcp: Executing tool 'get_gml_content'...
2026-05-03 10:11:56,504 [INFO] gms2-mcp: Tool 'get_gml_content' finished in 0.002s
2026-05-03 10:11:57,021 [INFO] gms2-mcp: Executing tool 'get_gml_content'...
2026-05-03 10:11:57,022 [INFO] gms2-mcp: Tool 'get_gml_content' finished in 0.001s
2026-05-03 10:11:57,970 [INFO] gms2-mcp: Executing tool 'get_gml_content'...
2026-05-03 10:11:57,972 [INFO] gms2-mcp: Tool 'get_gml_content' finished in 0.002s
2026-05-03 10:11:58,426 [INFO] gms2-mcp: Executing tool 'get_gml_content'...
2026-05-03 10:11:58,431 [INFO] gms2-mcp: Tool 'get_gml_content' finished in 0.003s
2026-05-03 10:13:22,347 [INFO] gms2-mcp: Executing tool 'get_gml_content'...
2026-05-03 10:13:22,348 [INFO] gms2-mcp: Tool 'get_gml_content' finished in 0.002s
2026-05-03 10:13:33,103 [INFO] gms2-mcp: Executing tool 'get_object_info'...
2026-05-03 10:13:33,106 [INFO] gms2-mcp: Tool 'get_object_info' finished in 0.003s
2026-05-03 10:13:41,302 [INFO] gms2-mcp: Executing tool 'get_gml_content'...
2026-05-03 10:13:41,304 [INFO] gms2-mcp: Tool 'get_gml_content' finished in 0.003s
2026-05-03 10:14:16,657 [INFO] gms2-mcp: Executing tool 'get_gml_content'...
2026-05-03 10:14:16,659 [INFO] gms2-mcp: Tool 'get_gml_content' finished in 0.003s
2026-05-03 10:14:53,746 [INFO] gms2-mcp: Executing tool 'get_gml_content'...
2026-05-03 10:14:53,749 [INFO] gms2-mcp: Tool 'get_gml_content' finished in 0.003s
2026-05-03 10:15:27,478 [INFO] gms2-mcp: Executing tool 'get_gml_content'...
2026-05-03 10:15:27,482 [INFO] gms2-mcp: Tool 'get_gml_content' finished in 0.004s
2026-05-03 10:16:03,269 [INFO] gms2-mcp: Executing tool 'get_gml_content'...
2026-05-03 10:16:03,271 [INFO] gms2-mcp: Tool 'get_gml_content' finished in 0.002s
2026-05-03 10:18:09,117 [INFO] gms2-mcp: Executing tool 'get_gml_content'...
2026-05-03 10:18:09,119 [INFO] gms2-mcp: Tool 'get_gml_content' finished in 0.002s
2026-05-03 10:18:11,895 [INFO] gms2-mcp: Executing tool 'get_gml_content'...
2026-05-03 10:18:11,896 [INFO] gms2-mcp: Tool 'get_gml_content' finished in 0.001s
2026-05-03 10:18:12,448 [INFO] gms2-mcp: Executing tool 'get_gml_content'...
2026-05-03 10:18:12,450 [INFO] gms2-mcp: Tool 'get_gml_content' finished in 0.004s
2026-05-03 10:18:13,043 [INFO] gms2-mcp: Executing tool 'get_gml_content'...
2026-05-03 10:18:13,045 [INFO] gms2-mcp: Tool 'get_gml_content' finished in 0.002s
2026-05-03 10:20:57,829 [INFO] gms2-mcp: Executing tool 'get_gml_content'...
2026-05-03 10:20:57,830 [INFO] gms2-mcp: Tool 'get_gml_content' finished in 0.002s
2026-05-03 10:20:58,354 [INFO] gms2-mcp: Executing tool 'get_gml_content'...
2026-05-03 10:20:58,355 [INFO] gms2-mcp: Tool 'get_gml_content' finished in 0.002s
2026-05-03 10:20:58,702 [INFO] gms2-mcp: Executing tool 'get_gml_content'...
2026-05-03 10:20:58,705 [INFO] gms2-mcp: Tool 'get_gml_content' finished in 0.002s
2026-05-03 10:22:25,962 [INFO] gms2-mcp: Executing tool 'get_gml_content'...
2026-05-03 10:22:25,963 [INFO] gms2-mcp: Tool 'get_gml_content' finished in 0.001s
2026-05-03 10:22:40,659 [INFO] gms2-mcp: Executing tool 'get_object_info'...
2026-05-03 10:22:40,660 [INFO] gms2-mcp: Tool 'get_object_info' finished in 0.001s
2026-05-03 10:22:40,965 [INFO] gms2-mcp: Executing tool 'get_object_info'...
2026-05-03 10:22:40,967 [INFO] gms2-mcp: Tool 'get_object_info' finished in 0.002s
2026-05-03 10:22:41,279 [INFO] gms2-mcp: Executing tool 'get_object_info'...
2026-05-03 10:22:41,281 [INFO] gms2-mcp: Tool 'get_object_info' finished in 0.002s
2026-05-03 10:22:53,415 [INFO] gms2-mcp: Executing tool 'get_gml_content'...
2026-05-03 10:22:53,418 [INFO] gms2-mcp: Tool 'get_gml_content' finished in 0.002s
2026-05-03 10:22:53,610 [INFO] gms2-mcp: Executing tool 'get_gml_content'...
2026-05-03 10:22:53,611 [INFO] gms2-mcp: Tool 'get_gml_content' finished in 0.001s
2026-05-03 14:04:11,953 [INFO] gms2-mcp: GMS2 MCP Server shutdown complete
2026-05-03 14:04:23,303 [INFO] gms2-mcp: GMS2 MCP Server shutdown complete
2026-05-03 14:13:49,387 [ERROR] gms2-mcp: FastMCP not found.
2026-05-03 14:44:36,295 [INFO] gms2-mcp: Executing tool 'get_gml_content'...
2026-05-03 14:44:36,310 [INFO] gms2-mcp: Tool 'get_gml_content' finished in 0.016s
2026-05-03 14:44:36,315 [INFO] gms2-mcp: Executing tool 'get_gml_content'...
2026-05-03 14:44:36,320 [INFO] gms2-mcp: GMS2 MCP Server shutdown complete
2026-05-03 14:44:37,834 [INFO] gms2-mcp: ==================================================
2026-05-03 14:44:37,834 [INFO] gms2-mcp: GMS2 MCP Server starting
2026-05-03 14:44:37,835 [INFO] gms2-mcp: Project path: C:/Users/n0souls/Documents/GitHub/Undefinedtale-888/Undefinedtale888
2026-05-03 14:44:37,835 [INFO] gms2-mcp: Log file: C:\Users\n0souls\gms2-mcp-server\logs\mcp-server.log
2026-05-03 14:44:37,835 [INFO] gms2-mcp: Python: 3.12.8 (tags/v3.12.8:2dc476b, Dec  3 2024, 19:30:04) [MSC v.1942 64 bit (AMD64)]
2026-05-03 14:44:37,835 [INFO] gms2-mcp: ==================================================
2026-05-03 15:56:48,359 [INFO] gms2-mcp: Executing tool 'get_gml_content'...
2026-05-03 15:56:48,684 [INFO] gms2-mcp: Tool 'get_gml_content' finished in 0.325s
2026-05-03 15:56:48,856 [INFO] gms2-mcp: Executing tool 'get_gml_content'...
2026-05-03 15:56:48,857 [INFO] gms2-mcp: Tool 'get_gml_content' finished in 0.001s
2026-05-03 15:56:49,198 [INFO] gms2-mcp: Executing tool 'get_gml_content'...
2026-05-03 15:56:49,199 [INFO] gms2-mcp: Tool 'get_gml_content' finished in 0.001s
2026-05-03 15:56:52,817 [INFO] gms2-mcp: Executing tool 'get_gml_content'...
2026-05-03 15:56:52,819 [INFO] gms2-mcp: Tool 'get_gml_content' finished in 0.002s
2026-05-03 15:56:53,398 [INFO] gms2-mcp: Executing tool 'get_gml_content'...
2026-05-03 15:56:53,400 [INFO] gms2-mcp: Tool 'get_gml_content' finished in 0.002s
2026-05-03 15:56:53,821 [INFO] gms2-mcp: Executing tool 'get_gml_content'...
2026-05-03 15:56:53,823 [INFO] gms2-mcp: Tool 'get_gml_content' finished in 0.002s
2026-05-03 16:00:35,163 [INFO] gms2-mcp: GMS2 MCP Server shutdown complete
2026-05-03 16:01:56,782 [INFO] gms2-mcp: ==================================================
2026-05-03 16:01:56,782 [INFO] gms2-mcp: GMS2 MCP Server starting
2026-05-03 16:01:56,782 [INFO] gms2-mcp: Project path: C:/Users/n0souls/Documents/GitHub/Undefinedtale-888/Undefinedtale888
2026-05-03 16:01:56,782 [INFO] gms2-mcp: Log file: C:\Users\n0souls\gms2-mcp-server\logs\mcp-server.log
2026-05-03 16:01:56,783 [INFO] gms2-mcp: Python: 3.12.8 (tags/v3.12.8:2dc476b, Dec  3 2024, 19:30:04) [MSC v.1942 64 bit (AMD64)]
2026-05-03 16:01:56,783 [INFO] gms2-mcp: ==================================================
2026-05-03 16:18:25,656 [INFO] gms2-mcp: Executing tool 'list_assets'...
2026-05-03 16:18:26,566 [INFO] gms2-mcp: Tool 'list_assets' finished in 0.909s
2026-05-03 16:19:07,581 [INFO] gms2-mcp: Executing tool 'get_gml_content'...
2026-05-03 16:19:07,594 [INFO] gms2-mcp: Tool 'get_gml_content' finished in 0.013s
2026-05-03 16:19:08,681 [INFO] gms2-mcp: Executing tool 'get_gml_content'...
2026-05-03 16:19:08,712 [INFO] gms2-mcp: Tool 'get_gml_content' finished in 0.001s
2026-05-03 16:19:09,778 [INFO] gms2-mcp: Executing tool 'get_gml_content'...
2026-05-03 16:19:09,780 [INFO] gms2-mcp: Tool 'get_gml_content' finished in 0.002s
2026-05-03 16:19:10,992 [INFO] gms2-mcp: Executing tool 'get_gml_content'...
2026-05-03 16:19:10,994 [INFO] gms2-mcp: Tool 'get_gml_content' finished in 0.003s
2026-05-03 16:19:11,397 [INFO] gms2-mcp: Executing tool 'get_gml_content'...
2026-05-03 16:19:11,399 [INFO] gms2-mcp: Tool 'get_gml_content' finished in 0.002s
2026-05-03 16:23:43,304 [INFO] gms2-mcp: Executing tool 'get_gml_content'...
2026-05-03 16:23:43,305 [INFO] gms2-mcp: Tool 'get_gml_content' finished in 0.001s
2026-05-03 16:23:54,313 [INFO] gms2-mcp: Executing tool 'get_gml_content'...
2026-05-03 16:23:54,314 [INFO] gms2-mcp: Tool 'get_gml_content' finished in 0.002s
2026-05-03 16:24:08,428 [INFO] gms2-mcp: Executing tool 'get_gml_content'...
2026-05-03 16:24:08,430 [INFO] gms2-mcp: Tool 'get_gml_content' finished in 0.002s
2026-05-03 16:24:13,873 [INFO] gms2-mcp: Executing tool 'get_gml_content'...
2026-05-03 16:24:13,874 [INFO] gms2-mcp: Tool 'get_gml_content' finished in 0.002s
2026-05-03 16:24:17,754 [INFO] gms2-mcp: Executing tool 'get_gml_content'...
2026-05-03 16:24:17,758 [INFO] gms2-mcp: Tool 'get_gml_content' finished in 0.005s
2026-05-03 16:40:26,668 [INFO] gms2-mcp: Executing tool 'write_gml_file'...
2026-05-03 16:40:27,052 [INFO] gms2-mcp: Tool 'write_gml_file' finished in 0.385s
2026-05-03 16:41:56,078 [INFO] gms2-mcp: Executing tool 'write_gml_file'...
2026-05-03 16:41:56,083 [INFO] gms2-mcp: Tool 'write_gml_file' finished in 0.006s
2026-05-03 16:43:07,458 [INFO] gms2-mcp: Executing tool 'write_gml_file'...
2026-05-03 16:43:07,466 [INFO] gms2-mcp: Tool 'write_gml_file' finished in 0.009s
2026-05-03 16:52:12,619 [INFO] gms2-mcp: Executing tool 'get_object_info'...
2026-05-03 16:52:12,972 [INFO] gms2-mcp: Tool 'get_object_info' finished in 0.352s
2026-05-03 16:52:13,078 [INFO] gms2-mcp: Executing tool 'get_object_info'...
2026-05-03 16:52:13,080 [INFO] gms2-mcp: Tool 'get_object_info' finished in 0.002s
2026-05-03 16:52:13,278 [INFO] gms2-mcp: Executing tool 'get_gml_content'...
2026-05-03 16:52:13,280 [INFO] gms2-mcp: Tool 'get_gml_content' finished in 0.002s
2026-05-03 16:52:13,996 [INFO] gms2-mcp: Executing tool 'get_gml_content'...
2026-05-03 16:52:13,999 [INFO] gms2-mcp: Tool 'get_gml_content' finished in 0.003s
2026-05-03 16:52:14,326 [INFO] gms2-mcp: Executing tool 'get_gml_content'...
2026-05-03 16:52:14,328 [INFO] gms2-mcp: Tool 'get_gml_content' finished in 0.003s
2026-05-03 16:52:20,026 [INFO] gms2-mcp: Executing tool 'get_gml_content'...
2026-05-03 16:52:20,030 [INFO] gms2-mcp: Tool 'get_gml_content' finished in 0.004s
2026-05-03 16:52:20,231 [INFO] gms2-mcp: Executing tool 'get_gml_content'...
2026-05-03 16:52:20,233 [INFO] gms2-mcp: Tool 'get_gml_content' finished in 0.002s
2026-05-03 16:52:20,509 [INFO] gms2-mcp: Executing tool 'get_gml_content'...
2026-05-03 16:52:20,513 [INFO] gms2-mcp: Tool 'get_gml_content' finished in 0.004s
2026-05-03 16:52:20,732 [INFO] gms2-mcp: Executing tool 'get_gml_content'...
2026-05-03 16:52:20,734 [INFO] gms2-mcp: Tool 'get_gml_content' finished in 0.002s
2026-05-03 16:52:26,667 [INFO] gms2-mcp: Executing tool 'get_gml_content'...
2026-05-03 16:52:26,669 [INFO] gms2-mcp: Tool 'get_gml_content' finished in 0.002s
2026-05-03 16:52:27,251 [INFO] gms2-mcp: Executing tool 'get_gml_content'...
2026-05-03 16:52:27,254 [INFO] gms2-mcp: Tool 'get_gml_content' finished in 0.003s
2026-05-03 16:52:27,255 [INFO] gms2-mcp: Executing tool 'get_gml_content'...
2026-05-03 16:52:27,260 [INFO] gms2-mcp: Tool 'get_gml_content' finished in 0.007s
2026-05-03 16:52:27,622 [INFO] gms2-mcp: Executing tool 'get_gml_content'...
2026-05-03 16:52:27,624 [INFO] gms2-mcp: Tool 'get_gml_content' finished in 0.002s
2026-05-03 16:52:29,380 [INFO] gms2-mcp: Executing tool 'get_gml_content'...
2026-05-03 16:52:29,382 [INFO] gms2-mcp: Tool 'get_gml_content' finished in 0.002s
2026-05-03 16:52:29,385 [INFO] gms2-mcp: Executing tool 'get_gml_content'...
2026-05-03 16:52:29,388 [INFO] gms2-mcp: Tool 'get_gml_content' finished in 0.004s
2026-05-03 16:52:29,392 [INFO] gms2-mcp: Executing tool 'get_gml_content'...
2026-05-03 16:52:29,396 [INFO] gms2-mcp: Tool 'get_gml_content' finished in 0.011s
2026-05-03 16:52:29,633 [INFO] gms2-mcp: Executing tool 'get_gml_content'...
2026-05-03 16:52:29,634 [INFO] gms2-mcp: Tool 'get_gml_content' finished in 0.002s
2026-05-03 16:52:37,412 [INFO] gms2-mcp: Executing tool 'get_gml_content'...
2026-05-03 16:52:37,415 [INFO] gms2-mcp: Tool 'get_gml_content' finished in 0.003s
2026-05-03 16:52:37,470 [INFO] gms2-mcp: Executing tool 'get_gml_content'...
2026-05-03 16:52:37,473 [INFO] gms2-mcp: Tool 'get_gml_content' finished in 0.004s
2026-05-03 16:52:38,558 [INFO] gms2-mcp: Executing tool 'get_gml_content'...
2026-05-03 16:52:38,562 [INFO] gms2-mcp: Tool 'get_gml_content' finished in 0.004s
2026-05-03 16:52:38,563 [INFO] gms2-mcp: Executing tool 'get_gml_content'...
2026-05-03 16:52:38,568 [INFO] gms2-mcp: Tool 'get_gml_content' finished in 0.008s
2026-05-03 16:52:38,577 [INFO] gms2-mcp: Executing tool 'get_gml_content'...
2026-05-03 16:52:38,580 [INFO] gms2-mcp: Tool 'get_gml_content' finished in 0.003s
2026-05-03 16:52:38,581 [INFO] gms2-mcp: Executing tool 'get_gml_content'...
2026-05-03 16:52:38,585 [INFO] gms2-mcp: Tool 'get_gml_content' finished in 0.006s
2026-05-03 16:53:11,254 [INFO] gms2-mcp: Executing tool 'get_gml_content'...
2026-05-03 16:53:11,255 [INFO] gms2-mcp: Tool 'get_gml_content' finished in 0.002s
2026-05-03 16:53:12,925 [INFO] gms2-mcp: Executing tool 'get_gml_content'...
2026-05-03 16:53:12,927 [INFO] gms2-mcp: Tool 'get_gml_content' finished in 0.002s
2026-05-03 16:53:13,569 [INFO] gms2-mcp: Executing tool 'get_gml_content'...
2026-05-03 16:53:13,571 [INFO] gms2-mcp: Tool 'get_gml_content' finished in 0.002s
2026-05-03 16:53:14,305 [INFO] gms2-mcp: Executing tool 'get_gml_content'...
2026-05-03 16:53:14,307 [INFO] gms2-mcp: Tool 'get_gml_content' finished in 0.002s
2026-05-03 16:53:14,322 [INFO] gms2-mcp: Executing tool 'get_gml_content'...
2026-05-03 16:53:14,323 [INFO] gms2-mcp: Tool 'get_gml_content' finished in 0.001s
2026-05-03 16:53:14,743 [INFO] gms2-mcp: Executing tool 'get_gml_content'...
2026-05-03 16:53:14,747 [INFO] gms2-mcp: Tool 'get_gml_content' finished in 0.004s
2026-05-03 16:53:14,909 [INFO] gms2-mcp: Executing tool 'get_gml_content'...
2026-05-03 16:53:14,910 [INFO] gms2-mcp: Tool 'get_gml_content' finished in 0.002s
2026-05-03 16:53:15,243 [INFO] gms2-mcp: Executing tool 'get_gml_content'...
2026-05-03 16:53:15,245 [INFO] gms2-mcp: Tool 'get_gml_content' finished in 0.002s
2026-05-03 16:53:24,930 [INFO] gms2-mcp: Executing tool 'get_gml_content'...
2026-05-03 16:53:24,932 [INFO] gms2-mcp: Tool 'get_gml_content' finished in 0.002s
2026-05-03 16:53:25,552 [INFO] gms2-mcp: Executing tool 'get_gml_content'...
2026-05-03 16:53:25,554 [INFO] gms2-mcp: Tool 'get_gml_content' finished in 0.002s
2026-05-03 16:53:25,555 [INFO] gms2-mcp: Executing tool 'get_gml_content'...
2026-05-03 16:53:25,557 [INFO] gms2-mcp: Tool 'get_gml_content' finished in 0.005s
2026-05-03 16:53:25,813 [INFO] gms2-mcp: Executing tool 'get_gml_content'...
2026-05-03 16:53:25,814 [INFO] gms2-mcp: Tool 'get_gml_content' finished in 0.001s
2026-05-03 16:53:26,119 [INFO] gms2-mcp: Executing tool 'get_gml_content'...
2026-05-03 16:53:26,120 [INFO] gms2-mcp: Tool 'get_gml_content' finished in 0.001s
2026-05-03 16:53:26,518 [INFO] gms2-mcp: Executing tool 'get_gml_content'...
2026-05-03 16:53:26,520 [INFO] gms2-mcp: Tool 'get_gml_content' finished in 0.002s
2026-05-03 16:53:26,790 [INFO] gms2-mcp: Executing tool 'get_gml_content'...
2026-05-03 16:53:26,792 [INFO] gms2-mcp: Tool 'get_gml_content' finished in 0.002s
2026-05-03 16:53:26,958 [INFO] gms2-mcp: Executing tool 'get_gml_content'...
2026-05-03 16:53:26,960 [INFO] gms2-mcp: Tool 'get_gml_content' finished in 0.002s
2026-05-03 16:53:36,886 [INFO] gms2-mcp: Executing tool 'get_gml_content'...
2026-05-03 16:53:36,888 [INFO] gms2-mcp: Tool 'get_gml_content' finished in 0.002s
2026-05-03 16:53:37,134 [INFO] gms2-mcp: Executing tool 'get_gml_content'...
2026-05-03 16:53:37,135 [INFO] gms2-mcp: Tool 'get_gml_content' finished in 0.001s
2026-05-03 16:53:37,427 [INFO] gms2-mcp: Executing tool 'get_gml_content'...
2026-05-03 16:53:37,429 [INFO] gms2-mcp: Tool 'get_gml_content' finished in 0.002s
2026-05-03 16:53:37,662 [INFO] gms2-mcp: Executing tool 'search_in_project'...
2026-05-03 16:53:38,742 [INFO] gms2-mcp: Tool 'search_in_project' finished in 1.080s
2026-05-03 16:53:38,743 [INFO] gms2-mcp: Executing tool 'search_in_project'...
2026-05-03 16:53:38,857 [INFO] gms2-mcp: Tool 'search_in_project' finished in 1.039s
2026-05-03 16:53:46,354 [INFO] gms2-mcp: Executing tool 'get_gml_content'...
2026-05-03 16:53:46,356 [INFO] gms2-mcp: Tool 'get_gml_content' finished in 0.002s
2026-05-03 16:53:46,674 [INFO] gms2-mcp: Executing tool 'search_in_project'...
2026-05-03 16:53:46,915 [INFO] gms2-mcp: Tool 'search_in_project' finished in 0.241s
2026-05-03 16:53:48,290 [INFO] gms2-mcp: Executing tool 'search_in_project'...
2026-05-03 16:53:48,397 [INFO] gms2-mcp: Tool 'search_in_project' finished in 0.107s
2026-05-03 16:53:49,488 [INFO] gms2-mcp: Executing tool 'search_in_project'...
2026-05-03 16:53:49,506 [INFO] gms2-mcp: Tool 'search_in_project' finished in 0.018s
2026-05-03 16:54:22,535 [INFO] gms2-mcp: Executing tool 'get_gml_content'...
2026-05-03 16:54:22,537 [INFO] gms2-mcp: Tool 'get_gml_content' finished in 0.003s
2026-05-03 16:54:22,977 [INFO] gms2-mcp: Executing tool 'get_gml_content'...
2026-05-03 16:54:22,980 [INFO] gms2-mcp: Tool 'get_gml_content' finished in 0.002s
2026-05-03 16:54:23,717 [INFO] gms2-mcp: Executing tool 'search_in_project'...
2026-05-03 16:54:23,837 [INFO] gms2-mcp: Tool 'search_in_project' finished in 0.118s
2026-05-03 16:54:27,262 [INFO] gms2-mcp: Executing tool 'search_in_project'...
2026-05-03 16:54:27,372 [INFO] gms2-mcp: Tool 'search_in_project' finished in 0.110s
2026-05-03 16:54:29,261 [INFO] gms2-mcp: Executing tool 'search_in_project'...
2026-05-03 16:54:29,377 [INFO] gms2-mcp: Tool 'search_in_project' finished in 0.116s
2026-05-03 16:54:38,944 [INFO] gms2-mcp: Executing tool 'search_in_project'...
2026-05-03 16:54:39,048 [INFO] gms2-mcp: Tool 'search_in_project' finished in 0.104s
2026-05-03 16:54:39,184 [INFO] gms2-mcp: Executing tool 'search_in_project'...
2026-05-03 16:54:39,300 [INFO] gms2-mcp: Tool 'search_in_project' finished in 0.117s
2026-05-03 16:54:39,302 [INFO] gms2-mcp: Executing tool 'search_in_project'...
2026-05-03 16:54:39,441 [INFO] gms2-mcp: Tool 'search_in_project' finished in 0.144s
2026-05-03 16:54:39,570 [INFO] gms2-mcp: Executing tool 'search_in_project'...
2026-05-03 16:54:39,699 [INFO] gms2-mcp: Tool 'search_in_project' finished in 0.129s
2026-05-03 16:56:44,979 [INFO] gms2-mcp: Executing tool 'get_gml_content'...
2026-05-03 16:56:44,980 [INFO] gms2-mcp: Tool 'get_gml_content' finished in 0.001s
2026-05-03 16:57:12,578 [INFO] gms2-mcp: Executing tool 'write_gml_file'...
2026-05-03 16:57:12,583 [INFO] gms2-mcp: Tool 'write_gml_file' finished in 0.004s
2026-05-03 16:57:16,635 [INFO] gms2-mcp: Executing tool 'get_gml_content'...
2026-05-03 16:57:16,638 [INFO] gms2-mcp: Tool 'get_gml_content' finished in 0.003s
2026-05-03 16:57:31,231 [INFO] gms2-mcp: Executing tool 'write_gml_file'...
2026-05-03 16:57:31,235 [INFO] gms2-mcp: Tool 'write_gml_file' finished in 0.004s
2026-05-03 16:57:44,074 [INFO] gms2-mcp: Executing tool 'write_gml_file'...
2026-05-03 16:57:44,079 [INFO] gms2-mcp: Tool 'write_gml_file' finished in 0.005s
2026-05-03 16:57:55,740 [INFO] gms2-mcp: Executing tool 'write_gml_file'...
2026-05-03 16:57:55,744 [INFO] gms2-mcp: Tool 'write_gml_file' finished in 0.004s
2026-05-03 16:58:11,410 [INFO] gms2-mcp: Executing tool 'write_gml_file'...
2026-05-03 16:58:11,413 [INFO] gms2-mcp: Tool 'write_gml_file' finished in 0.003s
2026-05-03 16:59:52,772 [INFO] gms2-mcp: Executing tool 'write_gml_file'...
2026-05-03 16:59:52,803 [INFO] gms2-mcp: Tool 'write_gml_file' finished in 0.031s
2026-05-03 17:00:11,205 [INFO] gms2-mcp: Executing tool 'write_gml_file'...
2026-05-03 17:00:11,222 [INFO] gms2-mcp: Tool 'write_gml_file' finished in 0.017s
2026-05-03 17:01:59,397 [INFO] gms2-mcp: Executing tool 'get_object_info'...
2026-05-03 17:01:59,400 [INFO] gms2-mcp: Tool 'get_object_info' finished in 0.003s
2026-05-03 17:02:11,454 [INFO] gms2-mcp: Executing tool 'get_gml_content'...
2026-05-03 17:02:11,455 [INFO] gms2-mcp: Tool 'get_gml_content' finished in 0.002s
2026-05-03 17:02:11,657 [INFO] gms2-mcp: Executing tool 'get_gml_content'...
2026-05-03 17:02:11,658 [INFO] gms2-mcp: Tool 'get_gml_content' finished in 0.003s
2026-05-03 17:02:11,727 [INFO] gms2-mcp: Executing tool 'get_gml_content'...
2026-05-03 17:02:11,729 [INFO] gms2-mcp: Tool 'get_gml_content' finished in 0.002s
2026-05-03 17:02:12,147 [INFO] gms2-mcp: Executing tool 'get_gml_content'...
2026-05-03 17:02:12,149 [INFO] gms2-mcp: Tool 'get_gml_content' finished in 0.003s
2026-05-03 17:02:12,434 [INFO] gms2-mcp: Executing tool 'get_gml_content'...
2026-05-03 17:02:12,435 [INFO] gms2-mcp: Tool 'get_gml_content' finished in 0.001s
2026-05-03 17:02:27,193 [INFO] gms2-mcp: Executing tool 'get_gml_content'...
2026-05-03 17:02:27,204 [INFO] gms2-mcp: Tool 'get_gml_content' finished in 0.011s
2026-05-03 17:02:27,206 [INFO] gms2-mcp: Executing tool 'get_gml_content'...
2026-05-03 17:02:27,234 [INFO] gms2-mcp: Tool 'get_gml_content' finished in 0.039s
2026-05-03 17:02:27,242 [INFO] gms2-mcp: Executing tool 'get_gml_content'...
2026-05-03 17:12:12,981 [ERROR] gms2-mcp: Tool 'get_gml_content' timed out after 60s (execution) or 65s (total)
2026-05-03 17:12:12,986 [ERROR] gms2-mcp: Tool 'get_gml_content' timed out after 60s (execution) or 65s (total)
2026-05-03 17:12:12,987 [ERROR] gms2-mcp: Tool 'get_gml_content' timed out after 60s (execution) or 65s (total)
2026-05-03 17:12:12,987 [INFO] gms2-mcp: Executing tool 'get_gml_content'...
2026-05-03 17:12:12,998 [INFO] gms2-mcp: Tool 'get_gml_content' finished in 0.020s
2026-05-03 17:12:13,000 [INFO] gms2-mcp: Executing tool 'get_gml_content'...
2026-05-03 17:12:13,372 [INFO] gms2-mcp: GMS2 MCP Server shutdown complete
2026-05-03 17:12:18,678 [INFO] gms2-mcp: ==================================================
2026-05-03 17:12:18,679 [INFO] gms2-mcp: GMS2 MCP Server starting
2026-05-03 17:12:18,679 [INFO] gms2-mcp: Project path: C:/Users/n0souls/Documents/GitHub/Undefinedtale-888/Undefinedtale888
2026-05-03 17:12:18,679 [INFO] gms2-mcp: Log file: C:\Users\n0souls\gms2-mcp-server\logs\mcp-server.log
2026-05-03 17:12:18,679 [INFO] gms2-mcp: Python: 3.12.8 (tags/v3.12.8:2dc476b, Dec  3 2024, 19:30:04) [MSC v.1942 64 bit (AMD64)]
2026-05-03 17:12:18,679 [INFO] gms2-mcp: ==================================================
2026-05-03 17:13:07,760 [INFO] gms2-mcp: Executing tool 'get_gml_content'...
2026-05-03 17:13:07,772 [INFO] gms2-mcp: Tool 'get_gml_content' finished in 0.012s
2026-05-03 17:13:07,828 [INFO] gms2-mcp: Executing tool 'get_gml_content'...
2026-05-03 17:13:07,831 [INFO] gms2-mcp: Tool 'get_gml_content' finished in 0.003s
2026-05-03 17:13:07,833 [INFO] gms2-mcp: Executing tool 'get_gml_content'...
2026-05-03 17:13:07,836 [INFO] gms2-mcp: Tool 'get_gml_content' finished in 0.007s
2026-05-03 17:13:08,033 [INFO] gms2-mcp: Executing tool 'get_gml_content'...
2026-05-03 17:13:08,036 [INFO] gms2-mcp: Tool 'get_gml_content' finished in 0.003s
2026-05-03 17:13:14,984 [INFO] gms2-mcp: Executing tool 'get_gml_content'...
2026-05-03 17:13:14,986 [INFO] gms2-mcp: Tool 'get_gml_content' finished in 0.002s
2026-05-03 17:13:15,271 [INFO] gms2-mcp: Executing tool 'get_object_info'...
2026-05-03 17:13:15,273 [INFO] gms2-mcp: Tool 'get_object_info' finished in 0.002s
2026-05-03 17:13:15,297 [INFO] gms2-mcp: Executing tool 'get_object_info'...
2026-05-03 17:13:15,299 [INFO] gms2-mcp: Tool 'get_object_info' finished in 0.003s
2026-05-03 17:13:15,301 [INFO] gms2-mcp: Executing tool 'get_gml_content'...
2026-05-03 17:13:15,303 [INFO] gms2-mcp: Tool 'get_gml_content' finished in 0.005s
2026-05-03 17:13:22,862 [INFO] gms2-mcp: Executing tool 'search_in_project'...
2026-05-03 17:13:23,538 [INFO] gms2-mcp: Tool 'search_in_project' finished in 0.676s
2026-05-03 17:13:23,541 [INFO] gms2-mcp: Executing tool 'get_gml_content'...
2026-05-03 17:13:23,544 [INFO] gms2-mcp: Tool 'get_gml_content' finished in 0.674s
2026-05-03 17:13:23,545 [INFO] gms2-mcp: Executing tool 'get_gml_content'...
2026-05-03 17:13:23,547 [INFO] gms2-mcp: Tool 'get_gml_content' finished in 0.675s
2026-05-03 17:13:31,761 [INFO] gms2-mcp: Executing tool 'get_gml_content'...
2026-05-03 17:13:31,763 [INFO] gms2-mcp: Tool 'get_gml_content' finished in 0.001s
2026-05-03 17:13:32,097 [INFO] gms2-mcp: Executing tool 'search_in_project'...
2026-05-03 17:13:32,383 [INFO] gms2-mcp: Tool 'search_in_project' finished in 0.285s
2026-05-03 17:13:32,810 [INFO] gms2-mcp: Executing tool 'search_in_project'...
2026-05-03 17:13:33,037 [INFO] gms2-mcp: Tool 'search_in_project' finished in 0.227s
2026-05-03 17:13:40,242 [INFO] gms2-mcp: Executing tool 'search_in_project'...
2026-05-03 17:13:40,430 [INFO] gms2-mcp: Tool 'search_in_project' finished in 0.189s
2026-05-03 17:13:40,432 [INFO] gms2-mcp: Executing tool 'search_in_project'...
2026-05-03 17:13:40,630 [INFO] gms2-mcp: Tool 'search_in_project' finished in 0.369s
2026-05-03 17:13:40,632 [INFO] gms2-mcp: Executing tool 'search_in_project'...
2026-05-03 17:13:40,781 [INFO] gms2-mcp: Tool 'search_in_project' finished in 0.279s
2026-05-03 17:13:49,064 [INFO] gms2-mcp: Executing tool 'search_in_project'...
2026-05-03 17:13:49,206 [INFO] gms2-mcp: Tool 'search_in_project' finished in 0.142s
2026-05-03 17:13:49,207 [INFO] gms2-mcp: Executing tool 'get_object_info'...
2026-05-03 17:13:49,211 [INFO] gms2-mcp: Tool 'get_object_info' finished in 0.116s
2026-05-03 17:13:54,341 [INFO] gms2-mcp: Executing tool 'get_gml_content'...
2026-05-03 17:13:54,342 [INFO] gms2-mcp: Tool 'get_gml_content' finished in 0.002s
2026-05-03 17:13:54,610 [INFO] gms2-mcp: Executing tool 'get_gml_content'...
2026-05-03 17:13:54,611 [INFO] gms2-mcp: Tool 'get_gml_content' finished in 0.002s
2026-05-03 17:13:54,846 [INFO] gms2-mcp: Executing tool 'get_gml_content'...
2026-05-03 17:13:54,847 [INFO] gms2-mcp: Tool 'get_gml_content' finished in 0.002s
2026-05-03 17:13:55,139 [INFO] gms2-mcp: Executing tool 'get_gml_content'...
2026-05-03 17:13:55,142 [INFO] gms2-mcp: Tool 'get_gml_content' finished in 0.003s
2026-05-03 17:13:55,394 [INFO] gms2-mcp: Executing tool 'get_gml_content'...
2026-05-03 17:13:55,396 [INFO] gms2-mcp: Tool 'get_gml_content' finished in 0.002s
2026-05-03 17:14:01,305 [INFO] gms2-mcp: Executing tool 'search_in_project'...
2026-05-03 17:14:01,540 [INFO] gms2-mcp: Tool 'search_in_project' finished in 0.235s
2026-05-03 17:14:01,542 [INFO] gms2-mcp: Executing tool 'get_object_info'...
2026-05-03 17:14:01,543 [INFO] gms2-mcp: Tool 'get_object_info' finished in 0.237s
2026-05-03 17:14:11,594 [INFO] gms2-mcp: Executing tool 'get_gml_content'...
2026-05-03 17:14:11,597 [INFO] gms2-mcp: Tool 'get_gml_content' finished in 0.003s
2026-05-03 17:14:33,337 [INFO] gms2-mcp: Executing tool 'write_gml_file'...
2026-05-03 17:14:33,343 [INFO] gms2-mcp: Tool 'write_gml_file' finished in 0.006s
2026-05-03 17:15:04,279 [INFO] gms2-mcp: Executing tool 'write_gml_file'...
2026-05-03 17:15:04,282 [INFO] gms2-mcp: Tool 'write_gml_file' finished in 0.003s
2026-05-03 17:15:08,301 [INFO] gms2-mcp: Executing tool 'decode_object_events'...
2026-05-03 17:15:08,302 [INFO] gms2-mcp: Tool 'decode_object_events' finished in 0.001s
2026-05-03 17:15:11,677 [INFO] gms2-mcp: Executing tool 'search_in_project'...
2026-05-03 17:15:12,004 [INFO] gms2-mcp: Tool 'search_in_project' finished in 0.328s
2026-05-03 17:16:07,935 [INFO] gms2-mcp: Executing tool 'search_in_project'...
2026-05-03 17:16:08,249 [INFO] gms2-mcp: Tool 'search_in_project' finished in 0.315s
2026-05-03 17:16:08,251 [INFO] gms2-mcp: Executing tool 'search_in_project'...
2026-05-03 17:16:08,309 [INFO] gms2-mcp: Tool 'search_in_project' finished in 0.117s
2026-05-03 17:16:12,463 [INFO] gms2-mcp: Executing tool 'get_gml_content'...
2026-05-03 17:16:12,464 [INFO] gms2-mcp: Tool 'get_gml_content' finished in 0.001s
2026-05-03 17:16:12,705 [INFO] gms2-mcp: Executing tool 'get_gml_content'...
2026-05-03 17:16:12,707 [INFO] gms2-mcp: Tool 'get_gml_content' finished in 0.002s
2026-05-03 17:16:16,461 [INFO] gms2-mcp: Executing tool 'search_in_project'...
2026-05-03 17:16:16,603 [INFO] gms2-mcp: Tool 'search_in_project' finished in 0.143s
2026-05-03 17:16:21,181 [INFO] gms2-mcp: Executing tool 'get_gml_content'...
2026-05-03 17:16:21,183 [INFO] gms2-mcp: Tool 'get_gml_content' finished in 0.002s
2026-05-03 17:16:21,403 [INFO] gms2-mcp: Executing tool 'get_gml_content'...
2026-05-03 17:16:21,404 [INFO] gms2-mcp: Tool 'get_gml_content' finished in 0.002s
2026-05-03 17:16:21,502 [INFO] gms2-mcp: Executing tool 'get_object_info'...
2026-05-03 17:16:21,505 [INFO] gms2-mcp: Tool 'get_object_info' finished in 0.003s
2026-05-03 17:16:25,752 [INFO] gms2-mcp: Executing tool 'get_gml_content'...
2026-05-03 17:16:25,755 [INFO] gms2-mcp: Tool 'get_gml_content' finished in 0.002s
2026-05-03 17:16:26,033 [INFO] gms2-mcp: Executing tool 'get_gml_content'...
2026-05-03 17:16:26,035 [INFO] gms2-mcp: Tool 'get_gml_content' finished in 0.002s
2026-05-03 17:16:26,252 [INFO] gms2-mcp: Executing tool 'get_gml_content'...
2026-05-03 17:16:26,253 [INFO] gms2-mcp: Tool 'get_gml_content' finished in 0.001s
2026-05-03 17:16:26,450 [INFO] gms2-mcp: Executing tool 'get_gml_content'...
2026-05-03 17:16:26,452 [INFO] gms2-mcp: Tool 'get_gml_content' finished in 0.002s
2026-05-03 17:16:30,005 [INFO] gms2-mcp: Executing tool 'decode_object_events'...
2026-05-03 17:16:30,006 [INFO] gms2-mcp: Tool 'decode_object_events' finished in 0.001s
2026-05-03 17:16:36,951 [INFO] gms2-mcp: Executing tool 'get_gml_content'...
2026-05-03 17:16:36,952 [INFO] gms2-mcp: Tool 'get_gml_content' finished in 0.001s
2026-05-03 17:16:53,114 [INFO] gms2-mcp: Executing tool 'get_gml_content'...
2026-05-03 17:16:53,118 [INFO] gms2-mcp: Tool 'get_gml_content' finished in 0.004s
2026-05-03 17:16:53,421 [INFO] gms2-mcp: Executing tool 'get_gml_content'...
2026-05-03 17:16:53,423 [INFO] gms2-mcp: Tool 'get_gml_content' finished in 0.001s
2026-05-03 17:16:53,718 [INFO] gms2-mcp: Executing tool 'search_in_project'...
2026-05-03 17:16:54,097 [INFO] gms2-mcp: Tool 'search_in_project' finished in 0.379s
2026-05-03 17:16:54,163 [INFO] gms2-mcp: Executing tool 'search_in_project'...
2026-05-03 17:16:54,372 [INFO] gms2-mcp: Tool 'search_in_project' finished in 0.208s
2026-05-03 17:16:59,416 [INFO] gms2-mcp: Executing tool 'search_in_project'...
2026-05-03 17:16:59,560 [INFO] gms2-mcp: Tool 'search_in_project' finished in 0.143s
2026-05-03 17:16:59,595 [INFO] gms2-mcp: Executing tool 'search_in_project'...
2026-05-03 17:16:59,715 [INFO] gms2-mcp: Tool 'search_in_project' finished in 0.121s
2026-05-03 17:17:11,010 [INFO] gms2-mcp: Executing tool 'write_gml_file'...
2026-05-03 17:17:11,018 [INFO] gms2-mcp: Tool 'write_gml_file' finished in 0.008s
2026-05-03 17:17:19,165 [INFO] gms2-mcp: Executing tool 'write_gml_file'...
2026-05-03 17:17:19,171 [INFO] gms2-mcp: Tool 'write_gml_file' finished in 0.005s
2026-05-03 17:17:37,824 [INFO] gms2-mcp: Executing tool 'write_gml_file'...
2026-05-03 17:17:37,830 [INFO] gms2-mcp: Tool 'write_gml_file' finished in 0.006s
2026-05-03 17:17:48,394 [INFO] gms2-mcp: Executing tool 'write_gml_file'...
2026-05-03 17:17:48,403 [INFO] gms2-mcp: Tool 'write_gml_file' finished in 0.009s
2026-05-03 17:17:55,759 [INFO] gms2-mcp: Executing tool 'write_gml_file'...
2026-05-03 17:17:55,763 [INFO] gms2-mcp: Tool 'write_gml_file' finished in 0.005s
2026-05-03 17:18:24,000 [INFO] gms2-mcp: Executing tool 'get_object_info'...
2026-05-03 17:18:24,002 [INFO] gms2-mcp: Tool 'get_object_info' finished in 0.002s
2026-05-03 17:18:24,103 [INFO] gms2-mcp: Executing tool 'get_object_info'...
2026-05-03 17:18:24,105 [INFO] gms2-mcp: Tool 'get_object_info' finished in 0.001s
2026-05-03 17:18:31,252 [INFO] gms2-mcp: Executing tool 'get_gml_content'...
2026-05-03 17:18:31,254 [INFO] gms2-mcp: Tool 'get_gml_content' finished in 0.002s
2026-05-03 17:18:31,669 [INFO] gms2-mcp: Executing tool 'get_gml_content'...
2026-05-03 17:18:31,673 [INFO] gms2-mcp: Tool 'get_gml_content' finished in 0.005s
2026-05-03 17:18:31,679 [INFO] gms2-mcp: Executing tool 'get_gml_content'...
2026-05-03 17:18:31,680 [INFO] gms2-mcp: Tool 'get_gml_content' finished in 0.002s
2026-05-03 17:18:38,674 [INFO] gms2-mcp: Executing tool 'get_gml_content'...
2026-05-03 17:18:38,676 [INFO] gms2-mcp: Tool 'get_gml_content' finished in 0.002s
2026-05-03 17:18:39,934 [INFO] gms2-mcp: Executing tool 'search_in_project'...
2026-05-03 17:18:40,675 [INFO] gms2-mcp: Tool 'search_in_project' finished in 0.741s
2026-05-03 17:18:46,853 [INFO] gms2-mcp: Executing tool 'get_gml_content'...
2026-05-03 17:18:46,855 [INFO] gms2-mcp: Tool 'get_gml_content' finished in 0.002s
2026-05-03 17:18:46,967 [INFO] gms2-mcp: Executing tool 'get_object_info'...
2026-05-03 17:18:46,969 [INFO] gms2-mcp: Tool 'get_object_info' finished in 0.002s
2026-05-03 17:18:50,009 [INFO] gms2-mcp: Executing tool 'get_gml_content'...
2026-05-03 17:18:50,010 [INFO] gms2-mcp: Tool 'get_gml_content' finished in 0.002s
2026-05-03 17:18:50,354 [INFO] gms2-mcp: Executing tool 'get_gml_content'...
2026-05-03 17:18:50,355 [INFO] gms2-mcp: Tool 'get_gml_content' finished in 0.001s
2026-05-03 17:18:50,527 [INFO] gms2-mcp: Executing tool 'get_gml_content'...
2026-05-03 17:18:50,530 [INFO] gms2-mcp: Tool 'get_gml_content' finished in 0.003s
2026-05-03 17:18:51,317 [INFO] gms2-mcp: Executing tool 'search_in_project'...
2026-05-03 17:18:51,984 [INFO] gms2-mcp: Tool 'search_in_project' finished in 0.667s
2026-05-03 17:18:51,986 [INFO] gms2-mcp: Executing tool 'search_in_project'...
2026-05-03 17:18:52,177 [INFO] gms2-mcp: Tool 'search_in_project' finished in 0.810s
2026-05-03 17:19:06,502 [INFO] gms2-mcp: Executing tool 'get_gml_content'...
2026-05-03 17:19:06,504 [INFO] gms2-mcp: Tool 'get_gml_content' finished in 0.002s
2026-05-03 17:19:06,675 [INFO] gms2-mcp: Executing tool 'get_gml_content'...
2026-05-03 17:19:06,676 [INFO] gms2-mcp: Tool 'get_gml_content' finished in 0.001s
2026-05-03 17:19:16,147 [INFO] gms2-mcp: Executing tool 'get_gml_content'...
2026-05-03 17:19:16,149 [INFO] gms2-mcp: Tool 'get_gml_content' finished in 0.002s
2026-05-03 17:19:16,649 [INFO] gms2-mcp: Executing tool 'get_gml_content'...
2026-05-03 17:19:16,651 [INFO] gms2-mcp: Tool 'get_gml_content' finished in 0.002s
2026-05-03 17:19:24,731 [INFO] gms2-mcp: Executing tool 'get_object_info'...
2026-05-03 17:19:24,733 [INFO] gms2-mcp: Tool 'get_object_info' finished in 0.002s
2026-05-03 17:19:28,387 [INFO] gms2-mcp: Executing tool 'search_in_project'...
2026-05-03 17:19:28,515 [INFO] gms2-mcp: Tool 'search_in_project' finished in 0.128s
2026-05-03 17:19:35,344 [INFO] gms2-mcp: Executing tool 'search_in_project'...
2026-05-03 17:19:35,483 [INFO] gms2-mcp: Tool 'search_in_project' finished in 0.139s
2026-05-03 17:20:25,896 [INFO] gms2-mcp: Executing tool 'write_gml_file'...
2026-05-03 17:20:25,901 [INFO] gms2-mcp: Tool 'write_gml_file' finished in 0.005s
2026-05-03 17:20:51,214 [INFO] gms2-mcp: Executing tool 'get_object_info'...
2026-05-03 17:20:51,215 [INFO] gms2-mcp: Tool 'get_object_info' finished in 0.002s
2026-05-03 17:20:51,416 [INFO] gms2-mcp: Executing tool 'get_object_info'...
2026-05-03 17:20:51,419 [INFO] gms2-mcp: Tool 'get_object_info' finished in 0.003s
2026-05-03 17:20:55,384 [INFO] gms2-mcp: Executing tool 'get_gml_content'...
2026-05-03 17:20:55,385 [INFO] gms2-mcp: Tool 'get_gml_content' finished in 0.001s
2026-05-03 17:20:55,607 [INFO] gms2-mcp: Executing tool 'get_gml_content'...
2026-05-03 17:20:55,609 [INFO] gms2-mcp: Tool 'get_gml_content' finished in 0.002s
2026-05-03 17:20:55,778 [INFO] gms2-mcp: Executing tool 'get_gml_content'...
2026-05-03 17:20:55,780 [INFO] gms2-mcp: Tool 'get_gml_content' finished in 0.002s
2026-05-03 17:20:56,159 [INFO] gms2-mcp: Executing tool 'get_gml_content'...
2026-05-03 17:20:56,162 [INFO] gms2-mcp: Tool 'get_gml_content' finished in 0.002s
2026-05-03 17:20:59,796 [INFO] gms2-mcp: Executing tool 'get_gml_content'...
2026-05-03 17:20:59,798 [INFO] gms2-mcp: Tool 'get_gml_content' finished in 0.001s
2026-05-03 17:21:04,138 [INFO] gms2-mcp: Executing tool 'get_gml_content'...
2026-05-03 17:21:04,140 [INFO] gms2-mcp: Tool 'get_gml_content' finished in 0.002s
2026-05-03 17:21:07,531 [INFO] gms2-mcp: Executing tool 'get_gml_content'...
2026-05-03 17:21:07,533 [INFO] gms2-mcp: Tool 'get_gml_content' finished in 0.002s
2026-05-03 17:21:16,405 [INFO] gms2-mcp: Executing tool 'get_gml_content'...
2026-05-03 17:21:16,408 [INFO] gms2-mcp: Tool 'get_gml_content' finished in 0.003s
2026-05-03 17:21:16,614 [INFO] gms2-mcp: Executing tool 'search_in_project'...
2026-05-03 17:21:17,014 [INFO] gms2-mcp: Tool 'search_in_project' finished in 0.400s
2026-05-03 17:21:17,016 [INFO] gms2-mcp: Executing tool 'search_in_project'...
2026-05-03 17:21:17,090 [INFO] gms2-mcp: Tool 'search_in_project' finished in 0.144s
2026-05-03 17:21:22,695 [INFO] gms2-mcp: Executing tool 'get_gml_content'...
2026-05-03 17:21:22,697 [INFO] gms2-mcp: Tool 'get_gml_content' finished in 0.002s
2026-05-03 17:34:00,246 [INFO] gms2-mcp: Executing tool 'get_gml_content'...
2026-05-03 17:34:00,252 [INFO] gms2-mcp: Tool 'get_gml_content' finished in 0.007s
2026-05-03 17:34:00,254 [INFO] gms2-mcp: Executing tool 'get_gml_content'...
2026-05-03 17:34:00,256 [INFO] gms2-mcp: GMS2 MCP Server shutdown complete
2026-05-03 17:34:03,199 [INFO] gms2-mcp: ==================================================
2026-05-03 17:34:03,200 [INFO] gms2-mcp: GMS2 MCP Server starting
2026-05-03 17:34:03,200 [INFO] gms2-mcp: Project path: C:/Users/n0souls/Documents/GitHub/Undefinedtale-888/Undefinedtale888
2026-05-03 17:34:03,200 [INFO] gms2-mcp: Log file: C:\Users\n0souls\gms2-mcp-server\logs\mcp-server.log
2026-05-03 17:34:03,200 [INFO] gms2-mcp: Python: 3.12.8 (tags/v3.12.8:2dc476b, Dec  3 2024, 19:30:04) [MSC v.1942 64 bit (AMD64)]
2026-05-03 17:34:03,200 [INFO] gms2-mcp: ==================================================
2026-05-03 17:35:03,016 [INFO] gms2-mcp: Executing tool 'get_gml_content'...
2026-05-03 17:35:03,041 [INFO] gms2-mcp: Tool 'get_gml_content' finished in 0.025s
2026-05-03 17:35:04,048 [INFO] gms2-mcp: Executing tool 'get_gml_content'...
2026-05-03 17:35:04,050 [INFO] gms2-mcp: Tool 'get_gml_content' finished in 0.002s
2026-05-03 17:35:12,589 [INFO] gms2-mcp: Executing tool 'get_gml_content'...
2026-05-03 17:35:12,592 [INFO] gms2-mcp: Tool 'get_gml_content' finished in 0.004s
2026-05-03 17:35:12,859 [INFO] gms2-mcp: Executing tool 'get_gml_content'...
2026-05-03 17:35:12,861 [INFO] gms2-mcp: Tool 'get_gml_content' finished in 0.002s
2026-05-03 17:35:18,607 [INFO] gms2-mcp: Executing tool 'get_gml_content'...
2026-05-03 17:35:18,609 [INFO] gms2-mcp: Tool 'get_gml_content' finished in 0.003s
2026-05-03 17:35:18,866 [INFO] gms2-mcp: Executing tool 'get_gml_content'...
2026-05-03 17:35:18,868 [INFO] gms2-mcp: Tool 'get_gml_content' finished in 0.002s
2026-05-03 17:35:23,909 [INFO] gms2-mcp: Executing tool 'get_gml_content'...
2026-05-03 17:35:23,912 [INFO] gms2-mcp: Tool 'get_gml_content' finished in 0.004s
2026-05-03 17:35:24,104 [INFO] gms2-mcp: Executing tool 'search_in_project'...
2026-05-03 17:35:24,561 [INFO] gms2-mcp: Tool 'search_in_project' finished in 0.457s
2026-05-03 17:35:36,982 [INFO] gms2-mcp: Executing tool 'search_in_project'...
2026-05-03 17:35:37,216 [INFO] gms2-mcp: Tool 'search_in_project' finished in 0.234s
2026-05-03 17:35:37,246 [INFO] gms2-mcp: Executing tool 'search_in_project'...
2026-05-03 17:35:37,258 [INFO] gms2-mcp: Tool 'search_in_project' finished in 0.012s
2026-05-03 17:37:19,655 [INFO] gms2-mcp: Executing tool 'get_gml_content'...
2026-05-03 17:37:19,656 [INFO] gms2-mcp: Tool 'get_gml_content' finished in 0.002s
2026-05-03 17:38:49,047 [INFO] gms2-mcp: Executing tool 'search_in_project'...
2026-05-03 17:38:49,190 [INFO] gms2-mcp: Tool 'search_in_project' finished in 0.143s
2026-05-03 17:39:02,566 [INFO] gms2-mcp: Executing tool 'search_in_project'...
2026-05-03 17:39:02,713 [INFO] gms2-mcp: Tool 'search_in_project' finished in 0.147s
2026-05-03 17:39:17,504 [INFO] gms2-mcp: Executing tool 'search_in_project'...
2026-05-03 17:39:17,666 [INFO] gms2-mcp: Tool 'search_in_project' finished in 0.162s
2026-05-03 17:39:27,820 [INFO] gms2-mcp: Executing tool 'get_gml_content'...
2026-05-03 17:39:27,822 [INFO] gms2-mcp: Tool 'get_gml_content' finished in 0.002s
2026-05-03 17:41:31,954 [INFO] gms2-mcp: Executing tool 'search_in_project'...
2026-05-03 17:41:32,248 [INFO] gms2-mcp: Tool 'search_in_project' finished in 0.294s
2026-05-03 17:41:32,250 [INFO] gms2-mcp: Executing tool 'search_in_project'...
2026-05-03 17:41:32,487 [INFO] gms2-mcp: Tool 'search_in_project' finished in 0.524s
2026-05-03 17:41:45,569 [INFO] gms2-mcp: Executing tool 'get_gml_content'...
2026-05-03 17:41:45,570 [INFO] gms2-mcp: Tool 'get_gml_content' finished in 0.001s
2026-05-03 17:41:45,910 [INFO] gms2-mcp: Executing tool 'get_gml_content'...
2026-05-03 17:41:45,912 [INFO] gms2-mcp: Tool 'get_gml_content' finished in 0.002s
2026-05-03 17:42:03,112 [INFO] gms2-mcp: Executing tool 'get_gml_content'...
2026-05-03 17:42:03,115 [INFO] gms2-mcp: Tool 'get_gml_content' finished in 0.002s
2026-05-03 17:42:03,118 [INFO] gms2-mcp: Executing tool 'get_gml_content'...
2026-05-03 17:42:03,121 [INFO] gms2-mcp: Tool 'get_gml_content' finished in 0.003s
2026-05-03 17:42:07,271 [INFO] gms2-mcp: Executing tool 'search_in_project'...
2026-05-03 17:42:07,428 [INFO] gms2-mcp: Tool 'search_in_project' finished in 0.157s
2026-05-03 17:42:07,522 [INFO] gms2-mcp: Executing tool 'search_in_project'...
2026-05-03 17:42:07,651 [INFO] gms2-mcp: Tool 'search_in_project' finished in 0.130s
2026-05-03 17:42:15,446 [INFO] gms2-mcp: Executing tool 'get_gml_content'...
2026-05-03 17:42:15,448 [INFO] gms2-mcp: Tool 'get_gml_content' finished in 0.002s
2026-05-03 17:42:23,880 [INFO] gms2-mcp: Executing tool 'get_gml_content'...
2026-05-03 17:42:23,882 [INFO] gms2-mcp: Tool 'get_gml_content' finished in 0.002s
2026-05-03 17:42:33,770 [INFO] gms2-mcp: Executing tool 'search_in_project'...
2026-05-03 17:42:33,810 [INFO] gms2-mcp: Tool 'search_in_project' finished in 0.040s
2026-05-03 17:42:37,224 [INFO] gms2-mcp: Executing tool 'search_in_project'...
2026-05-03 17:42:37,357 [INFO] gms2-mcp: Tool 'search_in_project' finished in 0.133s
2026-05-03 17:42:45,087 [INFO] gms2-mcp: Executing tool 'get_gml_content'...
2026-05-03 17:42:45,089 [INFO] gms2-mcp: Tool 'get_gml_content' finished in 0.002s
2026-05-03 17:42:49,385 [INFO] gms2-mcp: Executing tool 'get_gml_content'...
2026-05-03 17:42:49,387 [INFO] gms2-mcp: Tool 'get_gml_content' finished in 0.001s
2026-05-03 17:43:31,132 [INFO] gms2-mcp: Executing tool 'get_object_info'...
2026-05-03 17:43:31,467 [INFO] gms2-mcp: Tool 'get_object_info' finished in 0.336s
2026-05-03 17:43:31,478 [INFO] gms2-mcp: Executing tool 'get_object_info'...
2026-05-03 17:43:31,480 [INFO] gms2-mcp: Tool 'get_object_info' finished in 0.002s
2026-05-03 17:43:37,806 [INFO] gms2-mcp: Executing tool 'get_gml_content'...
2026-05-03 17:43:37,808 [INFO] gms2-mcp: Tool 'get_gml_content' finished in 0.002s
2026-05-03 17:43:37,993 [INFO] gms2-mcp: Executing tool 'get_gml_content'...
2026-05-03 17:43:37,994 [INFO] gms2-mcp: Tool 'get_gml_content' finished in 0.001s
2026-05-03 17:44:08,058 [INFO] gms2-mcp: Executing tool 'get_gml_content'...
2026-05-03 17:44:08,066 [INFO] gms2-mcp: Tool 'get_gml_content' finished in 0.008s
2026-05-03 17:44:08,129 [INFO] gms2-mcp: Executing tool 'get_object_info'...
2026-05-03 17:44:08,149 [INFO] gms2-mcp: Tool 'get_object_info' finished in 0.022s
2026-05-03 17:44:37,636 [INFO] gms2-mcp: Executing tool 'get_gml_content'...
2026-05-03 17:44:37,638 [INFO] gms2-mcp: Tool 'get_gml_content' finished in 0.002s
2026-05-03 17:44:37,654 [INFO] gms2-mcp: Executing tool 'get_gml_content'...
2026-05-03 17:44:37,657 [INFO] gms2-mcp: Tool 'get_gml_content' finished in 0.003s
2026-05-03 17:44:57,448 [INFO] gms2-mcp: Executing tool 'search_in_project'...
2026-05-03 17:44:57,659 [INFO] gms2-mcp: Tool 'search_in_project' finished in 0.210s
2026-05-03 17:44:57,661 [INFO] gms2-mcp: Executing tool 'search_in_project'...
2026-05-03 17:44:57,696 [INFO] gms2-mcp: Tool 'search_in_project' finished in 0.183s
2026-05-03 17:45:18,798 [INFO] gms2-mcp: Executing tool 'get_gml_content'...
2026-05-03 17:45:18,800 [INFO] gms2-mcp: Tool 'get_gml_content' finished in 0.002s
2026-05-03 17:45:33,681 [INFO] gms2-mcp: Executing tool 'search_in_project'...
2026-05-03 17:45:33,768 [INFO] gms2-mcp: Tool 'search_in_project' finished in 0.086s
2026-05-03 17:45:45,494 [INFO] gms2-mcp: Executing tool 'search_in_project'...
2026-05-03 17:45:45,588 [INFO] gms2-mcp: Tool 'search_in_project' finished in 0.094s
2026-05-03 17:45:45,590 [INFO] gms2-mcp: Executing tool 'search_in_project'...
2026-05-03 17:45:45,687 [INFO] gms2-mcp: Tool 'search_in_project' finished in 0.190s
2026-05-03 17:45:54,776 [INFO] gms2-mcp: Executing tool 'get_gml_content'...
2026-05-03 17:45:54,778 [INFO] gms2-mcp: Tool 'get_gml_content' finished in 0.003s
2026-05-03 18:38:53,593 [INFO] gms2-mcp: Executing tool 'get_object_info'...
2026-05-03 18:38:53,596 [INFO] gms2-mcp: Tool 'get_object_info' finished in 0.002s
2026-05-03 18:42:04,674 [INFO] gms2-mcp: Executing tool 'decode_object_events'...
2026-05-03 18:42:04,675 [INFO] gms2-mcp: Tool 'decode_object_events' finished in 0.001s
2026-05-03 18:42:37,501 [INFO] gms2-mcp: Executing tool 'get_gml_content'...
2026-05-03 18:42:37,831 [INFO] gms2-mcp: Tool 'get_gml_content' finished in 0.001s
2026-05-03 18:42:38,019 [INFO] gms2-mcp: Executing tool 'get_gml_content'...
2026-05-03 18:42:38,021 [INFO] gms2-mcp: Tool 'get_gml_content' finished in 0.002s
2026-05-03 18:42:38,526 [INFO] gms2-mcp: Executing tool 'get_gml_content'...
2026-05-03 18:42:38,527 [INFO] gms2-mcp: Tool 'get_gml_content' finished in 0.001s
2026-05-03 18:42:39,118 [INFO] gms2-mcp: Executing tool 'get_gml_content'...
2026-05-03 18:42:39,119 [INFO] gms2-mcp: Tool 'get_gml_content' finished in 0.001s
2026-05-03 18:44:08,494 [INFO] gms2-mcp: Executing tool 'get_gml_content'...
2026-05-03 18:44:08,497 [INFO] gms2-mcp: Tool 'get_gml_content' finished in 0.002s
2026-05-03 18:45:44,736 [INFO] gms2-mcp: Executing tool 'write_gml_file'...
2026-05-03 18:45:45,071 [INFO] gms2-mcp: Tool 'write_gml_file' finished in 0.335s
2026-05-03 19:07:58,571 [INFO] gms2-mcp: Executing tool 'get_object_info'...
2026-05-03 19:07:58,573 [INFO] gms2-mcp: Tool 'get_object_info' finished in 0.002s
2026-05-03 19:07:59,051 [INFO] gms2-mcp: Executing tool 'get_object_info'...
2026-05-03 19:07:59,051 [INFO] gms2-mcp: Tool 'get_object_info' finished in 0.001s
2026-05-03 19:07:59,750 [INFO] gms2-mcp: Executing tool 'get_object_info'...
2026-05-03 19:07:59,753 [INFO] gms2-mcp: Tool 'get_object_info' finished in 0.003s
2026-05-03 19:08:14,717 [INFO] gms2-mcp: Executing tool 'get_gml_content'...
2026-05-03 19:08:14,719 [INFO] gms2-mcp: Tool 'get_gml_content' finished in 0.002s
2026-05-03 19:08:16,127 [INFO] gms2-mcp: Executing tool 'get_gml_content'...
2026-05-03 19:08:16,129 [INFO] gms2-mcp: Tool 'get_gml_content' finished in 0.002s
2026-05-03 19:08:16,644 [INFO] gms2-mcp: Executing tool 'get_gml_content'...
2026-05-03 19:08:16,646 [INFO] gms2-mcp: Tool 'get_gml_content' finished in 0.002s
2026-05-03 19:08:17,153 [INFO] gms2-mcp: Executing tool 'get_gml_content'...
2026-05-03 19:08:17,155 [INFO] gms2-mcp: Tool 'get_gml_content' finished in 0.002s
2026-05-03 19:08:17,668 [INFO] gms2-mcp: Executing tool 'get_gml_content'...
2026-05-03 19:08:17,671 [INFO] gms2-mcp: Tool 'get_gml_content' finished in 0.003s
2026-05-03 19:08:17,981 [INFO] gms2-mcp: Executing tool 'get_gml_content'...
2026-05-03 19:08:17,983 [INFO] gms2-mcp: Tool 'get_gml_content' finished in 0.002s
2026-05-03 19:08:42,497 [INFO] gms2-mcp: Executing tool 'get_gml_content'...
2026-05-03 19:08:42,499 [INFO] gms2-mcp: Tool 'get_gml_content' finished in 0.002s
2026-05-03 19:08:42,876 [INFO] gms2-mcp: Executing tool 'get_gml_content'...
2026-05-03 19:08:42,878 [INFO] gms2-mcp: Tool 'get_gml_content' finished in 0.002s
2026-05-03 19:08:43,388 [INFO] gms2-mcp: Executing tool 'get_gml_content'...
2026-05-03 19:08:43,390 [INFO] gms2-mcp: Tool 'get_gml_content' finished in 0.002s
2026-05-03 19:08:43,666 [INFO] gms2-mcp: Executing tool 'get_gml_content'...
2026-05-03 19:08:43,667 [INFO] gms2-mcp: Tool 'get_gml_content' finished in 0.002s
2026-05-03 19:11:23,495 [INFO] gms2-mcp: Executing tool 'get_gml_content'...
2026-05-03 19:11:23,498 [INFO] gms2-mcp: Tool 'get_gml_content' finished in 0.002s
2026-05-03 19:11:24,034 [INFO] gms2-mcp: Executing tool 'get_gml_content'...
2026-05-03 19:11:24,036 [INFO] gms2-mcp: Tool 'get_gml_content' finished in 0.002s
2026-05-03 19:17:27,314 [INFO] gms2-mcp: Executing tool 'get_object_info'...
2026-05-03 19:17:27,316 [INFO] gms2-mcp: Tool 'get_object_info' finished in 0.002s
2026-05-03 19:17:27,720 [INFO] gms2-mcp: Executing tool 'get_object_info'...
2026-05-03 19:17:27,723 [INFO] gms2-mcp: Tool 'get_object_info' finished in 0.003s
2026-05-03 19:17:48,839 [INFO] gms2-mcp: Executing tool 'get_gml_content'...
2026-05-03 19:17:48,841 [INFO] gms2-mcp: Tool 'get_gml_content' finished in 0.002s
2026-05-03 19:17:50,630 [INFO] gms2-mcp: Executing tool 'get_gml_content'...
2026-05-03 19:17:50,632 [INFO] gms2-mcp: Tool 'get_gml_content' finished in 0.002s
2026-05-03 19:17:51,188 [INFO] gms2-mcp: Executing tool 'get_gml_content'...
2026-05-03 19:17:51,190 [INFO] gms2-mcp: Tool 'get_gml_content' finished in 0.002s
2026-05-03 19:17:51,933 [INFO] gms2-mcp: Executing tool 'get_gml_content'...
2026-05-03 19:17:51,935 [INFO] gms2-mcp: Tool 'get_gml_content' finished in 0.002s
2026-05-03 19:17:52,394 [INFO] gms2-mcp: Executing tool 'get_gml_content'...
2026-05-03 19:17:52,396 [INFO] gms2-mcp: Tool 'get_gml_content' finished in 0.002s
2026-05-03 19:17:52,914 [INFO] gms2-mcp: Executing tool 'get_gml_content'...
2026-05-03 19:17:52,916 [INFO] gms2-mcp: Tool 'get_gml_content' finished in 0.002s
2026-05-03 20:00:50,455 [INFO] gms2-mcp: Executing tool 'get_object_info'...
2026-05-03 20:00:50,461 [INFO] gms2-mcp: Tool 'get_object_info' finished in 0.005s
2026-05-03 20:01:15,169 [INFO] gms2-mcp: Executing tool 'get_gml_content'...
2026-05-03 20:01:15,175 [INFO] gms2-mcp: Tool 'get_gml_content' finished in 0.005s
2026-05-03 20:01:15,630 [INFO] gms2-mcp: Executing tool 'get_gml_content'...
2026-05-03 20:01:15,632 [INFO] gms2-mcp: Tool 'get_gml_content' finished in 0.002s
2026-05-03 20:01:16,204 [INFO] gms2-mcp: Executing tool 'get_gml_content'...
2026-05-03 20:01:16,207 [INFO] gms2-mcp: Tool 'get_gml_content' finished in 0.003s
2026-05-03 20:01:16,775 [INFO] gms2-mcp: Executing tool 'get_gml_content'...
2026-05-03 20:01:16,781 [INFO] gms2-mcp: Tool 'get_gml_content' finished in 0.006s
2026-05-03 20:01:25,301 [INFO] gms2-mcp: Executing tool 'get_gml_content'...
2026-05-03 20:01:25,325 [INFO] gms2-mcp: Tool 'get_gml_content' finished in 0.024s
2026-05-03 20:01:25,779 [INFO] gms2-mcp: Executing tool 'get_gml_content'...
2026-05-03 20:01:25,781 [INFO] gms2-mcp: Tool 'get_gml_content' finished in 0.002s
2026-05-03 20:01:26,251 [INFO] gms2-mcp: Executing tool 'get_gml_content'...
2026-05-03 20:01:26,284 [INFO] gms2-mcp: Tool 'get_gml_content' finished in 0.032s
2026-05-03 20:06:51,868 [INFO] gms2-mcp: Executing tool 'get_object_info'...
2026-05-03 20:06:51,870 [INFO] gms2-mcp: Tool 'get_object_info' finished in 0.002s
2026-05-03 20:06:52,593 [INFO] gms2-mcp: Executing tool 'get_object_info'...
2026-05-03 20:06:52,595 [INFO] gms2-mcp: Tool 'get_object_info' finished in 0.002s
2026-05-03 20:06:53,099 [INFO] gms2-mcp: Executing tool 'get_gml_content'...
2026-05-03 20:06:53,100 [INFO] gms2-mcp: Tool 'get_gml_content' finished in 0.001s
2026-05-03 20:06:53,638 [INFO] gms2-mcp: Executing tool 'get_gml_content'...
2026-05-03 20:06:53,642 [INFO] gms2-mcp: Tool 'get_gml_content' finished in 0.003s
2026-05-03 20:06:57,170 [INFO] gms2-mcp: Executing tool 'get_gml_content'...
2026-05-03 20:06:57,176 [INFO] gms2-mcp: Tool 'get_gml_content' finished in 0.007s
2026-05-03 20:07:08,441 [INFO] gms2-mcp: Executing tool 'get_gml_content'...
2026-05-03 20:07:08,443 [INFO] gms2-mcp: Tool 'get_gml_content' finished in 0.002s
2026-05-03 20:08:03,674 [INFO] gms2-mcp: Executing tool 'get_gml_content'...
2026-05-03 20:08:03,675 [INFO] gms2-mcp: Tool 'get_gml_content' finished in 0.001s
2026-05-03 20:08:06,523 [INFO] gms2-mcp: Executing tool 'get_gml_content'...
2026-05-03 20:08:06,524 [INFO] gms2-mcp: Tool 'get_gml_content' finished in 0.001s
2026-05-04 14:38:16,188 [INFO] gms2-mcp: ==================================================
2026-05-04 14:38:16,333 [INFO] gms2-mcp: GMS2 MCP Server starting
2026-05-04 14:38:16,333 [INFO] gms2-mcp: Project path: C:/Users/n0souls/Documents/GitHub/Undefinedtale-888/Undefinedtale888
2026-05-04 14:38:16,334 [INFO] gms2-mcp: Log file: C:\Users\n0souls\gms2-mcp-server\logs\mcp-server.log
2026-05-04 14:38:16,334 [INFO] gms2-mcp: Python: 3.12.8 (tags/v3.12.8:2dc476b, Dec  3 2024, 19:30:04) [MSC v.1942 64 bit (AMD64)]
2026-05-04 14:38:16,334 [INFO] gms2-mcp: ==================================================
2026-05-04 14:38:44,028 [INFO] gms2-mcp: ==================================================
2026-05-04 14:38:44,029 [INFO] gms2-mcp: GMS2 MCP Server starting
2026-05-04 14:38:44,029 [INFO] gms2-mcp: Project path: C:/Users/n0souls/Documents/GitHub/Undefinedtale-888/Undefinedtale888
2026-05-04 14:38:44,029 [INFO] gms2-mcp: Log file: C:\Users\n0souls\gms2-mcp-server\logs\mcp-server.log
2026-05-04 14:38:44,029 [INFO] gms2-mcp: Python: 3.12.8 (tags/v3.12.8:2dc476b, Dec  3 2024, 19:30:04) [MSC v.1942 64 bit (AMD64)]
2026-05-04 14:38:44,029 [INFO] gms2-mcp: ==================================================
2026-05-04 15:45:22,691 [INFO] gms2-mcp: GMS2 MCP Server shutdown complete
2026-05-04 15:45:23,385 [INFO] gms2-mcp: GMS2 MCP Server shutdown complete
2026-05-04 16:59:35,635 [INFO] gms2-mcp: Executing tool 'get_gml_content'...
2026-05-04 16:59:35,817 [INFO] gms2-mcp: Tool 'get_gml_content' finished in 0.169s
2026-05-04 16:59:35,844 [INFO] gms2-mcp: Executing tool 'get_gml_content'...
2026-05-04 16:59:35,906 [INFO] gms2-mcp: GMS2 MCP Server shutdown complete
2026-05-04 20:52:36,469 [INFO] gms2-mcp: ==================================================
2026-05-04 20:52:36,469 [INFO] gms2-mcp: GMS2 MCP Server starting
2026-05-04 20:52:36,469 [INFO] gms2-mcp: Project path: C:/Users/n0souls/Documents/GitHub/Undefinedtale-888/Undefinedtale888
2026-05-04 20:52:36,469 [INFO] gms2-mcp: Log file: C:\Users\n0souls\gms2-mcp-server\logs\mcp-server.log
2026-05-04 20:52:36,472 [INFO] gms2-mcp: Python: 3.12.8 (tags/v3.12.8:2dc476b, Dec  3 2024, 19:30:04) [MSC v.1942 64 bit (AMD64)]
2026-05-04 20:52:36,472 [INFO] gms2-mcp: ==================================================
2026-05-04 21:29:20,560 [INFO] gms2-mcp: GMS2 MCP Server shutdown complete
2026-05-04 21:30:20,524 [INFO] gms2-mcp: ==================================================
2026-05-04 21:30:20,524 [INFO] gms2-mcp: GMS2 MCP Server starting
2026-05-04 21:30:20,524 [INFO] gms2-mcp: Project path: C:/Users/n0souls/Documents/GitHub/Undefinedtale-888/Undefinedtale888
2026-05-04 21:30:20,524 [INFO] gms2-mcp: Log file: C:\Users\n0souls\gms2-mcp-server\logs\mcp-server.log
2026-05-04 21:30:20,524 [INFO] gms2-mcp: Python: 3.12.8 (tags/v3.12.8:2dc476b, Dec  3 2024, 19:30:04) [MSC v.1942 64 bit (AMD64)]
2026-05-04 21:30:20,524 [INFO] gms2-mcp: ==================================================
2026-05-04 21:33:08,642 [INFO] gms2-mcp: GMS2 MCP Server shutdown complete
2026-05-04 21:34:12,343 [INFO] gms2-mcp: ==================================================
2026-05-04 21:34:12,344 [INFO] gms2-mcp: GMS2 MCP Server starting
2026-05-04 21:34:12,344 [INFO] gms2-mcp: Project path: C:/Users/n0souls/Documents/GitHub/Undefinedtale-888/Undefinedtale888
2026-05-04 21:34:12,344 [INFO] gms2-mcp: Log file: C:\Users\n0souls\gms2-mcp-server\logs\mcp-server.log
2026-05-04 21:34:12,344 [INFO] gms2-mcp: Python: 3.12.8 (tags/v3.12.8:2dc476b, Dec  3 2024, 19:30:04) [MSC v.1942 64 bit (AMD64)]
2026-05-04 21:34:12,345 [INFO] gms2-mcp: ==================================================
2026-05-04 21:52:23,157 [INFO] gms2-mcp: GMS2 MCP Server shutdown complete
2026-05-04 21:53:21,439 [INFO] gms2-mcp: ==================================================
2026-05-04 21:53:21,439 [INFO] gms2-mcp: GMS2 MCP Server starting
2026-05-04 21:53:21,441 [INFO] gms2-mcp: Project path: C:/Users/n0souls/Documents/GitHub/Undefinedtale-888/Undefinedtale888
2026-05-04 21:53:21,441 [INFO] gms2-mcp: Log file: C:\Users\n0souls\gms2-mcp-server\logs\mcp-server.log
2026-05-04 21:53:21,441 [INFO] gms2-mcp: Python: 3.12.8 (tags/v3.12.8:2dc476b, Dec  3 2024, 19:30:04) [MSC v.1942 64 bit (AMD64)]
2026-05-04 21:53:21,441 [INFO] gms2-mcp: ==================================================
2026-05-04 21:55:05,356 [INFO] gms2-mcp: GMS2 MCP Server shutdown complete
2026-05-04 21:55:59,405 [INFO] gms2-mcp: ==================================================
2026-05-04 21:55:59,405 [INFO] gms2-mcp: GMS2 MCP Server starting
2026-05-04 21:55:59,405 [INFO] gms2-mcp: Project path: C:/Users/n0souls/Documents/GitHub/Undefinedtale-888/Undefinedtale888
2026-05-04 21:55:59,405 [INFO] gms2-mcp: Log file: C:\Users\n0souls\gms2-mcp-server\logs\mcp-server.log
2026-05-04 21:55:59,405 [INFO] gms2-mcp: Python: 3.12.8 (tags/v3.12.8:2dc476b, Dec  3 2024, 19:30:04) [MSC v.1942 64 bit (AMD64)]
2026-05-04 21:55:59,405 [INFO] gms2-mcp: ==================================================
2026-05-06 21:06:36,233 [INFO] gms2-mcp: ==================================================
2026-05-06 21:06:36,234 [INFO] gms2-mcp: GMS2 MCP Server starting
2026-05-06 21:06:36,235 [INFO] gms2-mcp: Project path: C:/Users/n0souls/Documents/GitHub/Undefinedtale-888/Undefinedtale888
2026-05-06 21:06:36,235 [INFO] gms2-mcp: Log file: C:\Users\n0souls\gms2-mcp-server\logs\mcp-server.log
2026-05-06 21:06:36,235 [INFO] gms2-mcp: Python: 3.12.8 (tags/v3.12.8:2dc476b, Dec  3 2024, 19:30:04) [MSC v.1942 64 bit (AMD64)]
2026-05-06 21:06:36,235 [INFO] gms2-mcp: ==================================================
2026-05-06 21:06:36,277 [INFO] gms2-mcp: GMS2 MCP Server shutdown complete
2026-05-06 21:07:00,372 [INFO] gms2-mcp: ==================================================
2026-05-06 21:07:00,373 [INFO] gms2-mcp: GMS2 MCP Server starting
2026-05-06 21:07:00,373 [INFO] gms2-mcp: Project path: C:/Users/n0souls/Documents/GitHub/Undefinedtale-888/Undefinedtale888
2026-05-06 21:07:00,373 [INFO] gms2-mcp: Log file: C:\Users\n0souls\gms2-mcp-server\logs\mcp-server.log
2026-05-06 21:07:00,374 [INFO] gms2-mcp: Python: 3.12.8 (tags/v3.12.8:2dc476b, Dec  3 2024, 19:30:04) [MSC v.1942 64 bit (AMD64)]
2026-05-06 21:07:00,374 [INFO] gms2-mcp: ==================================================
2026-05-06 21:18:14,762 [INFO] gms2-mcp: GMS2 MCP Server shutdown complete
2026-05-06 21:53:17,227 [INFO] gms2-mcp: Executing tool 'get_object_info'...
2026-05-06 21:53:17,352 [INFO] gms2-mcp: Tool 'get_object_info' finished in 0.038s
2026-05-06 21:53:29,293 [INFO] gms2-mcp: Executing tool 'get_gml_content'...
2026-05-06 21:53:29,296 [INFO] gms2-mcp: Tool 'get_gml_content' finished in 0.002s
2026-05-06 21:53:38,656 [INFO] gms2-mcp: Executing tool 'get_gml_content'...
2026-05-06 21:53:38,659 [INFO] gms2-mcp: Tool 'get_gml_content' finished in 0.003s
2026-05-06 21:53:49,901 [INFO] gms2-mcp: Executing tool 'get_gml_content'...
2026-05-06 21:53:49,904 [INFO] gms2-mcp: Tool 'get_gml_content' finished in 0.003s
2026-05-06 21:58:21,207 [INFO] gms2-mcp: GMS2 MCP Server shutdown complete
2026-05-06 22:10:54,557 [INFO] gms2-mcp: ==================================================
2026-05-06 22:10:54,558 [INFO] gms2-mcp: GMS2 MCP Server starting
2026-05-06 22:10:54,558 [INFO] gms2-mcp: Project path: C:/Users/n0souls/Documents/GitHub/Undefinedtale-888/Undefinedtale888
2026-05-06 22:10:54,558 [INFO] gms2-mcp: Log file: C:\Users\n0souls\gms2-mcp-server\logs\mcp-server.log
2026-05-06 22:10:54,558 [INFO] gms2-mcp: Python: 3.12.8 (tags/v3.12.8:2dc476b, Dec  3 2024, 19:30:04) [MSC v.1942 64 bit (AMD64)]
2026-05-06 22:10:54,558 [INFO] gms2-mcp: ==================================================
2026-05-07 08:36:41,444 [INFO] gms2-mcp: ==================================================
2026-05-07 08:36:41,445 [INFO] gms2-mcp: GMS2 MCP Server starting
2026-05-07 08:36:41,445 [INFO] gms2-mcp: Project path: C:/Users/n0souls/Documents/GitHub/Undefinedtale-888/Undefinedtale888
2026-05-07 08:36:41,445 [INFO] gms2-mcp: Log file: C:\Users\n0souls\gms2-mcp-server\logs\mcp-server.log
2026-05-07 08:36:41,445 [INFO] gms2-mcp: Python: 3.12.8 (tags/v3.12.8:2dc476b, Dec  3 2024, 19:30:04) [MSC v.1942 64 bit (AMD64)]
2026-05-07 08:36:41,445 [INFO] gms2-mcp: ==================================================
2026-05-07 08:36:49,717 [INFO] gms2-mcp: ==================================================
2026-05-07 08:36:49,717 [INFO] gms2-mcp: GMS2 MCP Server starting
2026-05-07 08:36:49,717 [INFO] gms2-mcp: Project path: C:/Users/n0souls/Documents/GitHub/Undefinedtale-888/Undefinedtale888
2026-05-07 08:36:49,717 [INFO] gms2-mcp: Log file: C:\Users\n0souls\gms2-mcp-server\logs\mcp-server.log
2026-05-07 08:36:49,717 [INFO] gms2-mcp: Python: 3.12.8 (tags/v3.12.8:2dc476b, Dec  3 2024, 19:30:04) [MSC v.1942 64 bit (AMD64)]
2026-05-07 08:36:49,717 [INFO] gms2-mcp: ==================================================
2026-05-07 14:58:02,812 [INFO] gms2-mcp: GMS2 MCP Server shutdown complete
2026-05-07 14:58:03,012 [INFO] gms2-mcp: GMS2 MCP Server shutdown complete
2026-05-07 21:05:46,300 [INFO] gms2-mcp: GMS2 MCP Server shutdown complete
2026-05-07 21:23:46,148 [INFO] gms2-mcp: ==================================================
2026-05-07 21:23:46,149 [INFO] gms2-mcp: GMS2 MCP Server starting
2026-05-07 21:23:46,149 [INFO] gms2-mcp: Project path: C:/Users/n0souls/Documents/GitHub/Undefinedtale-888/Undefinedtale888
2026-05-07 21:23:46,149 [INFO] gms2-mcp: Log file: C:\Users\n0souls\gms2-mcp-server\logs\mcp-server.log
2026-05-07 21:23:46,150 [INFO] gms2-mcp: Python: 3.12.8 (tags/v3.12.8:2dc476b, Dec  3 2024, 19:30:04) [MSC v.1942 64 bit (AMD64)]
2026-05-07 21:23:46,150 [INFO] gms2-mcp: ==================================================
2026-05-07 21:32:34,945 [INFO] gms2-mcp: GMS2 MCP Server shutdown complete
2026-05-07 21:33:40,622 [INFO] gms2-mcp: ==================================================
2026-05-07 21:33:40,622 [INFO] gms2-mcp: GMS2 MCP Server starting
2026-05-07 21:33:40,623 [INFO] gms2-mcp: Project path: C:/Users/n0souls/Documents/GitHub/Undefinedtale-888/Undefinedtale888
2026-05-07 21:33:40,623 [INFO] gms2-mcp: Log file: C:\Users\n0souls\gms2-mcp-server\logs\mcp-server.log
2026-05-07 21:33:40,623 [INFO] gms2-mcp: Python: 3.12.8 (tags/v3.12.8:2dc476b, Dec  3 2024, 19:30:04) [MSC v.1942 64 bit (AMD64)]
2026-05-07 21:33:40,623 [INFO] gms2-mcp: ==================================================
2026-05-08 07:48:56,144 [INFO] gms2-mcp: ==================================================
2026-05-08 07:48:56,144 [INFO] gms2-mcp: GMS2 MCP Server starting
2026-05-08 07:48:56,144 [INFO] gms2-mcp: Project path: C:/Users/n0souls/Documents/GitHub/Undefinedtale-888/Undefinedtale888
2026-05-08 07:48:56,144 [INFO] gms2-mcp: Log file: C:\Users\n0souls\gms2-mcp-server\logs\mcp-server.log
2026-05-08 07:48:56,144 [INFO] gms2-mcp: Python: 3.12.8 (tags/v3.12.8:2dc476b, Dec  3 2024, 19:30:04) [MSC v.1942 64 bit (AMD64)]
2026-05-08 07:48:56,147 [INFO] gms2-mcp: ==================================================
2026-05-08 07:50:06,317 [INFO] gms2-mcp: ==================================================
2026-05-08 07:50:06,317 [INFO] gms2-mcp: GMS2 MCP Server starting
2026-05-08 07:50:06,317 [INFO] gms2-mcp: Project path: C:/Users/n0souls/Documents/GitHub/Undefinedtale-888/Undefinedtale888
2026-05-08 07:50:06,317 [INFO] gms2-mcp: Log file: C:\Users\n0souls\gms2-mcp-server\logs\mcp-server.log
2026-05-08 07:50:06,317 [INFO] gms2-mcp: Python: 3.12.8 (tags/v3.12.8:2dc476b, Dec  3 2024, 19:30:04) [MSC v.1942 64 bit (AMD64)]
2026-05-08 07:50:06,317 [INFO] gms2-mcp: ==================================================
2026-05-08 07:51:44,487 [INFO] gms2-mcp: GMS2 MCP Server shutdown complete
2026-05-08 07:52:29,834 [INFO] gms2-mcp: ==================================================
2026-05-08 07:52:29,835 [INFO] gms2-mcp: GMS2 MCP Server starting
2026-05-08 07:52:29,835 [INFO] gms2-mcp: Project path: C:/Users/n0souls/Documents/GitHub/Undefinedtale-888/Undefinedtale888
2026-05-08 07:52:29,835 [INFO] gms2-mcp: Log file: C:\Users\n0souls\gms2-mcp-server\logs\mcp-server.log
2026-05-08 07:52:29,835 [INFO] gms2-mcp: Python: 3.12.8 (tags/v3.12.8:2dc476b, Dec  3 2024, 19:30:04) [MSC v.1942 64 bit (AMD64)]
2026-05-08 07:52:29,835 [INFO] gms2-mcp: ==================================================
2026-05-08 07:52:59,266 [INFO] gms2-mcp: GMS2 MCP Server shutdown complete
2026-05-08 07:53:03,142 [INFO] gms2-mcp: GMS2 MCP Server shutdown complete
2026-05-08 07:53:57,527 [INFO] gms2-mcp: ==================================================
2026-05-08 07:53:57,527 [INFO] gms2-mcp: GMS2 MCP Server starting
2026-05-08 07:53:57,527 [INFO] gms2-mcp: Project path: C:/Users/n0souls/Documents/GitHub/Undefinedtale-888/Undefinedtale888
2026-05-08 07:53:57,527 [INFO] gms2-mcp: Log file: C:\Users\n0souls\gms2-mcp-server\logs\mcp-server.log
2026-05-08 07:53:57,528 [INFO] gms2-mcp: Python: 3.12.8 (tags/v3.12.8:2dc476b, Dec  3 2024, 19:30:04) [MSC v.1942 64 bit (AMD64)]
2026-05-08 07:53:57,528 [INFO] gms2-mcp: ==================================================
2026-05-08 08:05:02,208 [INFO] gms2-mcp: GMS2 MCP Server shutdown complete
2026-05-08 12:10:45,627 [INFO] gms2-mcp: GMS2 MCP Server shutdown complete
2026-05-08 12:11:27,003 [INFO] gms2-mcp: ==================================================
2026-05-08 12:11:27,003 [INFO] gms2-mcp: GMS2 MCP Server starting
2026-05-08 12:11:27,003 [INFO] gms2-mcp: Project path: C:/Users/n0souls/Documents/GitHub/Undefinedtale-888/Undefinedtale888
2026-05-08 12:11:27,003 [INFO] gms2-mcp: Log file: C:\Users\n0souls\gms2-mcp-server\logs\mcp-server.log
2026-05-08 12:11:27,003 [INFO] gms2-mcp: Python: 3.12.8 (tags/v3.12.8:2dc476b, Dec  3 2024, 19:30:04) [MSC v.1942 64 bit (AMD64)]
2026-05-08 12:11:27,003 [INFO] gms2-mcp: ==================================================
2026-05-08 12:11:33,233 [INFO] gms2-mcp: ==================================================
2026-05-08 12:11:33,233 [INFO] gms2-mcp: GMS2 MCP Server starting
2026-05-08 12:11:33,234 [INFO] gms2-mcp: Project path: C:/Users/n0souls/Documents/GitHub/Undefinedtale-888/Undefinedtale888
2026-05-08 12:11:33,234 [INFO] gms2-mcp: Log file: C:\Users\n0souls\gms2-mcp-server\logs\mcp-server.log
2026-05-08 12:11:33,234 [INFO] gms2-mcp: Python: 3.12.8 (tags/v3.12.8:2dc476b, Dec  3 2024, 19:30:04) [MSC v.1942 64 bit (AMD64)]
2026-05-08 12:11:33,234 [INFO] gms2-mcp: ==================================================
2026-05-08 15:11:30,564 [INFO] gms2-mcp: GMS2 MCP Server shutdown complete
2026-05-08 15:11:52,556 [INFO] gms2-mcp: ==================================================
2026-05-08 15:11:52,556 [INFO] gms2-mcp: GMS2 MCP Server starting
2026-05-08 15:11:52,556 [INFO] gms2-mcp: Project path: C:/Users/n0souls/Documents/GitHub/Undefinedtale-888/Undefinedtale888
2026-05-08 15:11:52,556 [INFO] gms2-mcp: Log file: C:\Users\n0souls\gms2-mcp-server\logs\mcp-server.log
2026-05-08 15:11:52,556 [INFO] gms2-mcp: Python: 3.12.8 (tags/v3.12.8:2dc476b, Dec  3 2024, 19:30:04) [MSC v.1942 64 bit (AMD64)]
2026-05-08 15:11:52,556 [INFO] gms2-mcp: ==================================================
2026-05-08 15:11:57,748 [INFO] gms2-mcp: ==================================================
2026-05-08 15:11:57,748 [INFO] gms2-mcp: GMS2 MCP Server starting
2026-05-08 15:11:57,748 [INFO] gms2-mcp: Project path: C:/Users/n0souls/Documents/GitHub/Undefinedtale-888/Undefinedtale888
2026-05-08 15:11:57,748 [INFO] gms2-mcp: Log file: C:\Users\n0souls\gms2-mcp-server\logs\mcp-server.log
2026-05-08 15:11:57,748 [INFO] gms2-mcp: Python: 3.12.8 (tags/v3.12.8:2dc476b, Dec  3 2024, 19:30:04) [MSC v.1942 64 bit (AMD64)]
2026-05-08 15:11:57,748 [INFO] gms2-mcp: ==================================================
2026-05-08 18:06:03,347 [INFO] gms2-mcp: GMS2 MCP Server shutdown complete
2026-05-08 18:07:16,490 [INFO] gms2-mcp: ==================================================
2026-05-08 18:07:16,490 [INFO] gms2-mcp: GMS2 MCP Server starting
2026-05-08 18:07:16,490 [INFO] gms2-mcp: Project path: C:/Users/n0souls/Documents/GitHub/Undefinedtale-888/Undefinedtale888
2026-05-08 18:07:16,491 [INFO] gms2-mcp: Log file: C:\Users\n0souls\gms2-mcp-server\logs\mcp-server.log
2026-05-08 18:07:16,491 [INFO] gms2-mcp: Python: 3.12.8 (tags/v3.12.8:2dc476b, Dec  3 2024, 19:30:04) [MSC v.1942 64 bit (AMD64)]
2026-05-08 18:07:16,491 [INFO] gms2-mcp: ==================================================
2026-05-09 00:01:03,156 [INFO] gms2-mcp: GMS2 MCP Server shutdown complete
2026-05-09 00:02:20,329 [INFO] gms2-mcp: ==================================================
2026-05-09 00:02:20,330 [INFO] gms2-mcp: GMS2 MCP Server starting
2026-05-09 00:02:20,330 [INFO] gms2-mcp: Project path: C:/Users/n0souls/Documents/GitHub/Undefinedtale-888/Undefinedtale888
2026-05-09 00:02:20,330 [INFO] gms2-mcp: Log file: C:\Users\n0souls\gms2-mcp-server\logs\mcp-server.log
2026-05-09 00:02:20,330 [INFO] gms2-mcp: Python: 3.12.8 (tags/v3.12.8:2dc476b, Dec  3 2024, 19:30:04) [MSC v.1942 64 bit (AMD64)]
2026-05-09 00:02:20,330 [INFO] gms2-mcp: ==================================================
2026-05-09 00:09:35,386 [INFO] gms2-mcp: GMS2 MCP Server shutdown complete
2026-05-09 00:10:02,159 [INFO] gms2-mcp: ==================================================
2026-05-09 00:10:02,159 [INFO] gms2-mcp: GMS2 MCP Server starting
2026-05-09 00:10:02,159 [INFO] gms2-mcp: Project path: C:/Users/n0souls/Documents/GitHub/Undefinedtale-888/Undefinedtale888
2026-05-09 00:10:02,159 [INFO] gms2-mcp: Log file: C:\Users\n0souls\gms2-mcp-server\logs\mcp-server.log
2026-05-09 00:10:02,159 [INFO] gms2-mcp: Python: 3.12.8 (tags/v3.12.8:2dc476b, Dec  3 2024, 19:30:04) [MSC v.1942 64 bit (AMD64)]
2026-05-09 00:10:02,159 [INFO] gms2-mcp: ==================================================
2026-05-09 00:24:23,198 [INFO] gms2-mcp: GMS2 MCP Server shutdown complete
2026-05-10 17:04:48,149 [INFO] gms2-mcp: ==================================================
2026-05-10 17:04:48,150 [INFO] gms2-mcp: GMS2 MCP Server starting
2026-05-10 17:04:48,150 [INFO] gms2-mcp: Project path: C:/Users/n0souls/Documents/GitHub/Undefinedtale-888/Undefinedtale888
2026-05-10 17:04:48,150 [INFO] gms2-mcp: Log file: C:\Users\n0souls\gms2-mcp-server\logs\mcp-server.log
2026-05-10 17:04:48,150 [INFO] gms2-mcp: Python: 3.12.8 (tags/v3.12.8:2dc476b, Dec  3 2024, 19:30:04) [MSC v.1942 64 bit (AMD64)]
2026-05-10 17:04:48,150 [INFO] gms2-mcp: ==================================================
2026-05-10 17:12:29,737 [INFO] gms2-mcp: Executing tool 'get_project_summary'...
2026-05-10 17:12:30,947 [INFO] gms2-mcp: Tool 'get_project_summary' finished in 1.209s
2026-05-10 17:25:47,516 [INFO] gms2-mcp: Executing tool 'search_in_project'...
2026-05-10 17:26:01,362 [INFO] gms2-mcp: Tool 'search_in_project' finished in 13.846s
2026-05-10 17:26:01,365 [INFO] gms2-mcp: Executing tool 'search_in_project'...
2026-05-10 17:26:01,648 [INFO] gms2-mcp: Tool 'search_in_project' finished in 14.028s
2026-05-10 19:50:57,016 [INFO] gms2-mcp: GMS2 MCP Server shutdown complete
2026-05-10 19:50:57,429 [INFO] gms2-mcp: GMS2 MCP Server shutdown complete
2026-05-11 19:00:06,381 [INFO] gms2-mcp: GMS2 MCP Server shutdown complete
2026-05-11 19:04:39,799 [INFO] gms2-mcp: ==================================================
2026-05-11 19:04:39,800 [INFO] gms2-mcp: GMS2 MCP Server starting
2026-05-11 19:04:39,800 [INFO] gms2-mcp: Project path: C:/Users/n0souls/Documents/GitHub/Undefinedtale-888/Undefinedtale888
2026-05-11 19:04:39,800 [INFO] gms2-mcp: Log file: C:\Users\n0souls\gms2-mcp-server\logs\mcp-server.log
2026-05-11 19:04:39,800 [INFO] gms2-mcp: Python: 3.12.8 (tags/v3.12.8:2dc476b, Dec  3 2024, 19:30:04) [MSC v.1942 64 bit (AMD64)]
2026-05-11 19:04:39,800 [INFO] gms2-mcp: ==================================================
2026-05-11 19:04:39,814 [INFO] gms2-mcp: GMS2 MCP Server shutdown complete
2026-05-11 19:06:06,717 [INFO] gms2-mcp: ==================================================
2026-05-11 19:06:06,718 [INFO] gms2-mcp: GMS2 MCP Server starting
2026-05-11 19:06:06,718 [INFO] gms2-mcp: Project path: C:/Users/n0souls/Documents/GitHub/Undefinedtale-888/Undefinedtale888
2026-05-11 19:06:06,718 [INFO] gms2-mcp: Log file: C:\Users\n0souls\gms2-mcp-server\logs\mcp-server.log
2026-05-11 19:06:06,718 [INFO] gms2-mcp: Python: 3.12.8 (tags/v3.12.8:2dc476b, Dec  3 2024, 19:30:04) [MSC v.1942 64 bit (AMD64)]
2026-05-11 19:06:06,718 [INFO] gms2-mcp: ==================================================
2026-05-11 21:10:27,382 [INFO] gms2-mcp: Executing tool 'get_object_info'...
2026-05-11 21:10:27,474 [INFO] gms2-mcp: Tool 'get_object_info' finished in 0.003s
2026-05-11 21:10:27,697 [INFO] gms2-mcp: Executing tool 'get_sprite_info'...
2026-05-11 21:10:27,698 [INFO] gms2-mcp: Tool 'get_sprite_info' finished in 0.001s
2026-05-11 21:10:27,993 [INFO] gms2-mcp: Executing tool 'list_assets'...
2026-05-11 21:10:28,199 [INFO] gms2-mcp: Tool 'list_assets' finished in 0.206s
2026-05-11 21:16:29,530 [INFO] gms2-mcp: Executing tool 'get_gml_content'...
2026-05-11 21:16:29,621 [INFO] gms2-mcp: Tool 'get_gml_content' finished in 0.091s
2026-05-11 21:16:29,622 [INFO] gms2-mcp: Executing tool 'get_gml_content'...
2026-05-11 21:16:29,625 [INFO] gms2-mcp: Tool 'get_gml_content' finished in 0.094s
2026-05-11 21:16:29,663 [INFO] gms2-mcp: Executing tool 'get_gml_content'...
2026-05-11 21:16:29,664 [INFO] gms2-mcp: Tool 'get_gml_content' finished in 0.001s
2026-05-11 21:16:34,280 [INFO] gms2-mcp: Executing tool 'search_in_project'...
2026-05-11 21:16:34,827 [INFO] gms2-mcp: Tool 'search_in_project' finished in 0.547s
2026-05-11 21:16:39,638 [INFO] gms2-mcp: Executing tool 'get_gml_content'...
2026-05-11 21:16:39,639 [INFO] gms2-mcp: Tool 'get_gml_content' finished in 0.001s
2026-05-11 21:16:39,881 [INFO] gms2-mcp: Executing tool 'get_gml_content'...
2026-05-11 21:16:39,884 [INFO] gms2-mcp: Tool 'get_gml_content' finished in 0.003s
2026-05-11 21:16:43,440 [INFO] gms2-mcp: Executing tool 'search_in_project'...
2026-05-11 21:16:43,534 [INFO] gms2-mcp: Tool 'search_in_project' finished in 0.094s
2026-05-11 21:16:52,164 [INFO] gms2-mcp: Executing tool 'get_gml_content'...
2026-05-11 21:16:52,166 [INFO] gms2-mcp: Tool 'get_gml_content' finished in 0.002s
2026-05-11 21:17:20,061 [INFO] gms2-mcp: Executing tool 'list_assets'...
2026-05-11 21:17:20,062 [INFO] gms2-mcp: Tool 'list_assets' finished in 0.002s
2026-05-11 21:17:32,761 [INFO] gms2-mcp: Executing tool 'create_script'...
2026-05-11 21:17:32,766 [INFO] gms2-mcp: Tool 'create_script' finished in 0.005s
2026-05-11 21:23:18,847 [INFO] gms2-mcp: Executing tool 'search_in_project'...
2026-05-11 21:23:19,253 [INFO] gms2-mcp: Tool 'search_in_project' finished in 0.405s
2026-05-11 21:23:34,975 [INFO] gms2-mcp: Executing tool 'search_in_project'...
2026-05-11 21:23:35,243 [INFO] gms2-mcp: Tool 'search_in_project' finished in 0.268s
2026-05-11 21:23:35,338 [INFO] gms2-mcp: Executing tool 'search_in_project'...
2026-05-11 21:23:35,437 [INFO] gms2-mcp: Tool 'search_in_project' finished in 0.099s
2026-05-11 21:23:35,483 [INFO] gms2-mcp: Executing tool 'search_in_project'...
2026-05-11 21:23:35,575 [INFO] gms2-mcp: Tool 'search_in_project' finished in 0.091s
2026-05-11 21:23:35,999 [INFO] gms2-mcp: Executing tool 'search_in_project'...
2026-05-11 21:23:36,065 [INFO] gms2-mcp: Tool 'search_in_project' finished in 0.067s
2026-05-11 21:23:58,831 [INFO] gms2-mcp: Executing tool 'get_gml_content'...
2026-05-11 21:23:58,833 [INFO] gms2-mcp: Tool 'get_gml_content' finished in 0.001s
2026-05-11 21:23:59,074 [INFO] gms2-mcp: Executing tool 'get_gml_content'...
2026-05-11 21:23:59,075 [INFO] gms2-mcp: Tool 'get_gml_content' finished in 0.001s
2026-05-11 21:25:00,815 [INFO] gms2-mcp: Executing tool 'write_gml_file'...
2026-05-11 21:25:00,940 [INFO] gms2-mcp: Tool 'write_gml_file' finished in 0.124s
2026-05-11 21:25:48,995 [INFO] gms2-mcp: Executing tool 'write_gml_file'...
2026-05-11 21:25:48,998 [INFO] gms2-mcp: Tool 'write_gml_file' finished in 0.003s
2026-05-11 21:29:50,724 [INFO] gms2-mcp: Executing tool 'search_in_project'...
2026-05-11 21:29:51,005 [INFO] gms2-mcp: Tool 'search_in_project' finished in 0.281s
2026-05-11 21:31:00,232 [INFO] gms2-mcp: Executing tool 'get_gml_content'...
2026-05-11 21:31:00,233 [INFO] gms2-mcp: Tool 'get_gml_content' finished in 0.002s
2026-05-11 21:32:27,235 [INFO] gms2-mcp: Executing tool 'get_gml_content'...
2026-05-11 21:32:27,236 [INFO] gms2-mcp: Tool 'get_gml_content' finished in 0.001s
2026-05-11 21:33:07,762 [INFO] gms2-mcp: Executing tool 'get_gml_content'...
2026-05-11 21:33:07,763 [INFO] gms2-mcp: Tool 'get_gml_content' finished in 0.001s
2026-05-11 21:33:08,009 [INFO] gms2-mcp: Executing tool 'get_gml_content'...
2026-05-11 21:33:08,011 [INFO] gms2-mcp: Tool 'get_gml_content' finished in 0.001s
2026-05-11 21:33:58,229 [INFO] gms2-mcp: Executing tool 'write_gml_file'...
2026-05-11 21:33:58,234 [INFO] gms2-mcp: Tool 'write_gml_file' finished in 0.004s
2026-05-11 21:34:30,460 [INFO] gms2-mcp: Executing tool 'write_gml_file'...
2026-05-11 21:34:30,463 [INFO] gms2-mcp: Tool 'write_gml_file' finished in 0.003s
2026-05-11 21:35:03,279 [INFO] gms2-mcp: Executing tool 'write_gml_file'...
2026-05-11 21:35:03,284 [INFO] gms2-mcp: Tool 'write_gml_file' finished in 0.005s
2026-05-11 21:35:26,345 [INFO] gms2-mcp: Executing tool 'get_gml_content'...
2026-05-11 21:35:26,348 [INFO] gms2-mcp: Tool 'get_gml_content' finished in 0.003s
2026-05-11 21:37:37,958 [INFO] gms2-mcp: Executing tool 'write_gml_file'...
2026-05-11 21:37:37,964 [INFO] gms2-mcp: Tool 'write_gml_file' finished in 0.006s
2026-05-11 21:42:15,005 [INFO] gms2-mcp: Executing tool 'get_gml_content'...
2026-05-11 21:42:15,007 [INFO] gms2-mcp: Tool 'get_gml_content' finished in 0.002s
2026-05-11 21:52:05,717 [INFO] gms2-mcp: Executing tool 'get_gml_content'...
2026-05-11 21:52:05,718 [INFO] gms2-mcp: Tool 'get_gml_content' finished in 0.001s
2026-05-11 21:52:05,770 [INFO] gms2-mcp: Executing tool 'get_gml_content'...
2026-05-11 21:52:05,772 [INFO] gms2-mcp: Tool 'get_gml_content' finished in 0.001s
2026-05-11 21:52:05,979 [INFO] gms2-mcp: Executing tool 'get_gml_content'...
2026-05-11 21:52:05,980 [INFO] gms2-mcp: Tool 'get_gml_content' finished in 0.001s
2026-05-11 21:52:23,172 [INFO] gms2-mcp: Executing tool 'get_gml_content'...
2026-05-11 21:52:23,176 [INFO] gms2-mcp: Tool 'get_gml_content' finished in 0.004s
2026-05-11 21:52:30,112 [INFO] gms2-mcp: Executing tool 'get_gml_content'...
2026-05-11 21:52:30,113 [INFO] gms2-mcp: Tool 'get_gml_content' finished in 0.001s
2026-05-11 21:52:30,163 [INFO] gms2-mcp: Executing tool 'get_gml_content'...
2026-05-11 21:52:30,165 [INFO] gms2-mcp: Tool 'get_gml_content' finished in 0.002s
2026-05-11 21:52:30,215 [INFO] gms2-mcp: Executing tool 'get_gml_content'...
2026-05-11 21:52:30,216 [INFO] gms2-mcp: Tool 'get_gml_content' finished in 0.002s
2026-05-11 21:54:15,350 [INFO] gms2-mcp: Executing tool 'write_gml_file'...
2026-05-11 21:54:15,353 [INFO] gms2-mcp: Tool 'write_gml_file' finished in 0.004s
2026-05-11 21:54:29,076 [INFO] gms2-mcp: Executing tool 'get_gml_content'...
2026-05-11 21:54:29,078 [INFO] gms2-mcp: Tool 'get_gml_content' finished in 0.002s
2026-05-11 21:54:29,266 [INFO] gms2-mcp: Executing tool 'get_gml_content'...
2026-05-11 21:54:29,268 [INFO] gms2-mcp: Tool 'get_gml_content' finished in 0.000s
2026-05-11 21:54:29,306 [INFO] gms2-mcp: Executing tool 'get_gml_content'...
2026-05-11 21:54:29,308 [INFO] gms2-mcp: Tool 'get_gml_content' finished in 0.002s
2026-05-11 22:01:48,414 [INFO] gms2-mcp: Executing tool 'get_gml_content'...
2026-05-11 22:01:48,416 [INFO] gms2-mcp: Tool 'get_gml_content' finished in 0.002s
2026-05-11 22:01:57,128 [INFO] gms2-mcp: Executing tool 'write_gml_file'...
2026-05-11 22:01:57,134 [INFO] gms2-mcp: Tool 'write_gml_file' finished in 0.006s
2026-05-12 08:10:02,184 [INFO] gms2-mcp: ==================================================
2026-05-12 08:10:02,184 [INFO] gms2-mcp: GMS2 MCP Server starting
2026-05-12 08:10:02,184 [INFO] gms2-mcp: Project path: C:/Users/n0souls/Documents/GitHub/Undefinedtale-888/Undefinedtale888
2026-05-12 08:10:02,184 [INFO] gms2-mcp: Log file: C:\Users\n0souls\gms2-mcp-server\logs\mcp-server.log
2026-05-12 08:10:02,184 [INFO] gms2-mcp: Python: 3.12.8 (tags/v3.12.8:2dc476b, Dec  3 2024, 19:30:04) [MSC v.1942 64 bit (AMD64)]
2026-05-12 08:10:02,184 [INFO] gms2-mcp: ==================================================
2026-05-12 08:10:47,818 [INFO] gms2-mcp: ==================================================
2026-05-12 08:10:47,818 [INFO] gms2-mcp: GMS2 MCP Server starting
2026-05-12 08:10:47,818 [INFO] gms2-mcp: Project path: C:/Users/n0souls/Documents/GitHub/Undefinedtale-888/Undefinedtale888
2026-05-12 08:10:47,818 [INFO] gms2-mcp: Log file: C:\Users\n0souls\gms2-mcp-server\logs\mcp-server.log
2026-05-12 08:10:47,818 [INFO] gms2-mcp: Python: 3.12.8 (tags/v3.12.8:2dc476b, Dec  3 2024, 19:30:04) [MSC v.1942 64 bit (AMD64)]
2026-05-12 08:10:47,819 [INFO] gms2-mcp: ==================================================
2026-05-12 10:12:46,791 [INFO] gms2-mcp: GMS2 MCP Server shutdown complete
2026-05-12 10:13:55,287 [INFO] gms2-mcp: ==================================================
2026-05-12 10:13:55,287 [INFO] gms2-mcp: GMS2 MCP Server starting
2026-05-12 10:13:55,287 [INFO] gms2-mcp: Project path: C:/Users/n0souls/Documents/GitHub/Undefinedtale-888/Undefinedtale888
2026-05-12 10:13:55,287 [INFO] gms2-mcp: Log file: C:\Users\n0souls\gms2-mcp-server\logs\mcp-server.log
2026-05-12 10:13:55,288 [INFO] gms2-mcp: Python: 3.12.8 (tags/v3.12.8:2dc476b, Dec  3 2024, 19:30:04) [MSC v.1942 64 bit (AMD64)]
2026-05-12 10:13:55,288 [INFO] gms2-mcp: ==================================================
2026-05-12 11:08:34,282 [INFO] gms2-mcp: GMS2 MCP Server shutdown complete
2026-05-12 11:09:29,147 [INFO] gms2-mcp: ==================================================
2026-05-12 11:09:29,147 [INFO] gms2-mcp: GMS2 MCP Server starting
2026-05-12 11:09:29,147 [INFO] gms2-mcp: Project path: C:/Users/n0souls/Documents/GitHub/Undefinedtale-888/Undefinedtale888
2026-05-12 11:09:29,147 [INFO] gms2-mcp: Log file: C:\Users\n0souls\gms2-mcp-server\logs\mcp-server.log
2026-05-12 11:09:29,147 [INFO] gms2-mcp: Python: 3.12.8 (tags/v3.12.8:2dc476b, Dec  3 2024, 19:30:04) [MSC v.1942 64 bit (AMD64)]
2026-05-12 11:09:29,147 [INFO] gms2-mcp: ==================================================
2026-05-12 14:00:51,538 [INFO] gms2-mcp: GMS2 MCP Server shutdown complete
2026-05-12 14:02:12,504 [INFO] gms2-mcp: ==================================================
2026-05-12 14:02:12,505 [INFO] gms2-mcp: GMS2 MCP Server starting
2026-05-12 14:02:12,505 [INFO] gms2-mcp: Project path: C:/Users/n0souls/Documents/GitHub/Undefinedtale-888/Undefinedtale888
2026-05-12 14:02:12,505 [INFO] gms2-mcp: Log file: C:\Users\n0souls\gms2-mcp-server\logs\mcp-server.log
2026-05-12 14:02:12,505 [INFO] gms2-mcp: Python: 3.12.8 (tags/v3.12.8:2dc476b, Dec  3 2024, 19:30:04) [MSC v.1942 64 bit (AMD64)]
2026-05-12 14:02:12,506 [INFO] gms2-mcp: ==================================================
2026-05-12 16:42:25,558 [INFO] gms2-mcp: GMS2 MCP Server shutdown complete
2026-05-12 16:42:26,114 [INFO] gms2-mcp: GMS2 MCP Server shutdown complete
2026-05-12 17:50:06,634 [INFO] gms2-mcp: ==================================================
2026-05-12 17:50:06,634 [INFO] gms2-mcp: GMS2 MCP Server starting
2026-05-12 17:50:06,634 [INFO] gms2-mcp: Project path: C:/Users/n0souls/Documents/GitHub/Undefinedtale-888/Undefinedtale888
2026-05-12 17:50:06,634 [INFO] gms2-mcp: Log file: C:\Users\n0souls\gms2-mcp-server\logs\mcp-server.log
2026-05-12 17:50:06,634 [INFO] gms2-mcp: Python: 3.12.8 (tags/v3.12.8:2dc476b, Dec  3 2024, 19:30:04) [MSC v.1942 64 bit (AMD64)]
2026-05-12 17:50:06,634 [INFO] gms2-mcp: ==================================================
2026-05-12 17:51:10,889 [INFO] gms2-mcp: ==================================================
2026-05-12 17:51:10,889 [INFO] gms2-mcp: GMS2 MCP Server starting
2026-05-12 17:51:10,889 [INFO] gms2-mcp: Project path: C:/Users/n0souls/Documents/GitHub/Undefinedtale-888/Undefinedtale888
2026-05-12 17:51:10,889 [INFO] gms2-mcp: Log file: C:\Users\n0souls\gms2-mcp-server\logs\mcp-server.log
2026-05-12 17:51:10,889 [INFO] gms2-mcp: Python: 3.12.8 (tags/v3.12.8:2dc476b, Dec  3 2024, 19:30:04) [MSC v.1942 64 bit (AMD64)]
2026-05-12 17:51:10,889 [INFO] gms2-mcp: ==================================================
2026-05-12 19:00:26,532 [INFO] gms2-mcp: GMS2 MCP Server shutdown complete
2026-05-12 19:01:32,412 [INFO] gms2-mcp: ==================================================
2026-05-12 19:01:32,412 [INFO] gms2-mcp: GMS2 MCP Server starting
2026-05-12 19:01:32,412 [INFO] gms2-mcp: Project path: C:/Users/n0souls/Documents/GitHub/Undefinedtale-888/Undefinedtale888
2026-05-12 19:01:32,412 [INFO] gms2-mcp: Log file: C:\Users\n0souls\gms2-mcp-server\logs\mcp-server.log
2026-05-12 19:01:32,413 [INFO] gms2-mcp: Python: 3.12.8 (tags/v3.12.8:2dc476b, Dec  3 2024, 19:30:04) [MSC v.1942 64 bit (AMD64)]
2026-05-12 19:01:32,413 [INFO] gms2-mcp: ==================================================
2026-05-12 20:52:41,759 [INFO] gms2-mcp: Executing tool 'validate_project'...
2026-05-12 20:52:42,095 [INFO] gms2-mcp: Tool 'validate_project' finished in 0.337s
2026-05-12 20:55:40,994 [INFO] gms2-mcp: Executing tool 'validate_project'...
2026-05-12 20:55:41,108 [INFO] gms2-mcp: Tool 'validate_project' finished in 0.114s
2026-05-12 21:04:24,740 [INFO] gms2-mcp: Executing tool 'get_object_info'...
2026-05-12 21:04:24,742 [INFO] gms2-mcp: Tool 'get_object_info' finished in 0.002s
2026-05-12 21:08:26,385 [INFO] gms2-mcp: GMS2 MCP Server shutdown complete
2026-05-12 21:08:42,386 [INFO] gms2-mcp: ==================================================
2026-05-12 21:08:42,387 [INFO] gms2-mcp: GMS2 MCP Server starting
2026-05-12 21:08:42,387 [INFO] gms2-mcp: Project path: C:/Users/n0souls/Documents/GitHub/Undefinedtale-888/Undefinedtale888
2026-05-12 21:08:42,387 [INFO] gms2-mcp: Log file: C:\Users\n0souls\gms2-mcp-server\logs\mcp-server.log
2026-05-12 21:08:42,387 [INFO] gms2-mcp: Python: 3.12.8 (tags/v3.12.8:2dc476b, Dec  3 2024, 19:30:04) [MSC v.1942 64 bit (AMD64)]
2026-05-12 21:08:42,387 [INFO] gms2-mcp: ==================================================
2026-05-12 21:08:42,418 [INFO] gms2-mcp: GMS2 MCP Server shutdown complete
2026-05-12 21:18:09,624 [INFO] gms2-mcp: GMS2 MCP Server shutdown complete
2026-05-13 09:45:20,133 [INFO] gms2-mcp: ==================================================
2026-05-13 09:45:20,133 [INFO] gms2-mcp: GMS2 MCP Server starting
2026-05-13 09:45:20,134 [INFO] gms2-mcp: Project path: C:/Users/n0souls/Documents/GitHub/Undefinedtale-888/Undefinedtale888
2026-05-13 09:45:20,134 [INFO] gms2-mcp: Log file: C:\Users\n0souls\gms2-mcp-server\logs\mcp-server.log
2026-05-13 09:45:20,134 [INFO] gms2-mcp: Python: 3.12.8 (tags/v3.12.8:2dc476b, Dec  3 2024, 19:30:04) [MSC v.1942 64 bit (AMD64)]
2026-05-13 09:45:20,134 [INFO] gms2-mcp: ==================================================
2026-05-13 09:46:17,649 [INFO] gms2-mcp: ==================================================
2026-05-13 09:46:17,649 [INFO] gms2-mcp: GMS2 MCP Server starting
2026-05-13 09:46:17,649 [INFO] gms2-mcp: Project path: C:/Users/n0souls/Documents/GitHub/Undefinedtale-888/Undefinedtale888
2026-05-13 09:46:17,649 [INFO] gms2-mcp: Log file: C:\Users\n0souls\gms2-mcp-server\logs\mcp-server.log
2026-05-13 09:46:17,649 [INFO] gms2-mcp: Python: 3.12.8 (tags/v3.12.8:2dc476b, Dec  3 2024, 19:30:04) [MSC v.1942 64 bit (AMD64)]
2026-05-13 09:46:17,649 [INFO] gms2-mcp: ==================================================
2026-05-13 10:21:57,580 [INFO] gms2-mcp: Executing tool 'get_object_info'...
2026-05-13 10:21:57,595 [INFO] gms2-mcp: Tool 'get_object_info' finished in 0.018s
2026-05-13 10:21:57,606 [INFO] gms2-mcp: Executing tool 'get_object_hierarchy'...
2026-05-13 10:21:57,988 [INFO] gms2-mcp: Tool 'get_object_hierarchy' finished in 0.396s
2026-05-13 10:21:57,990 [INFO] gms2-mcp: Executing tool 'get_object_info'...
2026-05-13 10:21:57,992 [INFO] gms2-mcp: Tool 'get_object_info' finished in 0.280s
2026-05-13 10:21:57,993 [INFO] gms2-mcp: Executing tool 'search_in_project'...
2026-05-13 10:21:58,544 [INFO] gms2-mcp: Tool 'search_in_project' finished in 0.782s
2026-05-13 10:22:11,752 [INFO] gms2-mcp: Executing tool 'search_in_project'...
2026-05-13 10:22:11,811 [INFO] gms2-mcp: Tool 'search_in_project' finished in 0.060s
2026-05-13 10:22:28,838 [INFO] gms2-mcp: Executing tool 'search_in_project'...
2026-05-13 10:22:29,323 [INFO] gms2-mcp: Tool 'search_in_project' finished in 0.485s
2026-05-13 10:22:29,325 [INFO] gms2-mcp: Executing tool 'search_in_project'...
2026-05-13 10:22:29,399 [INFO] gms2-mcp: Tool 'search_in_project' finished in 0.551s
2026-05-13 11:01:36,941 [INFO] gms2-mcp: GMS2 MCP Server shutdown complete
2026-05-13 11:01:37,511 [INFO] gms2-mcp: GMS2 MCP Server shutdown complete
2026-05-13 12:03:51,515 [INFO] gms2-mcp: ==================================================
2026-05-13 12:03:51,516 [INFO] gms2-mcp: GMS2 MCP Server starting
2026-05-13 12:03:51,516 [INFO] gms2-mcp: Project path: C:/Users/n0souls/Documents/GitHub/Undefinedtale-888/Undefinedtale888
2026-05-13 12:03:51,516 [INFO] gms2-mcp: Log file: C:\Users\n0souls\gms2-mcp-server\logs\mcp-server.log
2026-05-13 12:03:51,516 [INFO] gms2-mcp: Python: 3.12.8 (tags/v3.12.8:2dc476b, Dec  3 2024, 19:30:04) [MSC v.1942 64 bit (AMD64)]
2026-05-13 12:03:51,516 [INFO] gms2-mcp: ==================================================
2026-05-13 12:05:14,218 [INFO] gms2-mcp: ==================================================
2026-05-13 12:05:14,218 [INFO] gms2-mcp: GMS2 MCP Server starting
2026-05-13 12:05:14,218 [INFO] gms2-mcp: Project path: C:/Users/n0souls/Documents/GitHub/Undefinedtale-888/Undefinedtale888
2026-05-13 12:05:14,220 [INFO] gms2-mcp: Log file: C:\Users\n0souls\gms2-mcp-server\logs\mcp-server.log
2026-05-13 12:05:14,220 [INFO] gms2-mcp: Python: 3.12.8 (tags/v3.12.8:2dc476b, Dec  3 2024, 19:30:04) [MSC v.1942 64 bit (AMD64)]
2026-05-13 12:05:14,221 [INFO] gms2-mcp: ==================================================
2026-05-13 12:47:10,128 [INFO] gms2-mcp: Executing tool 'get_project_summary'...
2026-05-13 12:47:10,351 [INFO] gms2-mcp: Tool 'get_project_summary' finished in 0.223s
2026-05-13 12:47:10,394 [INFO] gms2-mcp: Executing tool 'list_assets'...
2026-05-13 12:47:10,396 [INFO] gms2-mcp: Tool 'list_assets' finished in 0.003s
2026-05-13 13:28:02,335 [INFO] gms2-mcp: Executing tool 'get_object_info'...
2026-05-13 13:28:02,344 [INFO] gms2-mcp: Tool 'get_object_info' finished in 0.009s
2026-05-13 13:28:02,493 [INFO] gms2-mcp: Executing tool 'get_object_info'...
2026-05-13 13:28:02,505 [INFO] gms2-mcp: Tool 'get_object_info' finished in 0.011s
2026-05-13 13:28:02,636 [INFO] gms2-mcp: Executing tool 'get_object_info'...
2026-05-13 13:28:02,646 [INFO] gms2-mcp: Tool 'get_object_info' finished in 0.011s
2026-05-13 13:28:02,760 [INFO] gms2-mcp: Executing tool 'get_object_info'...
2026-05-13 13:28:02,769 [INFO] gms2-mcp: Tool 'get_object_info' finished in 0.009s
2026-05-13 13:28:02,910 [INFO] gms2-mcp: Executing tool 'get_object_info'...
2026-05-13 13:28:02,921 [INFO] gms2-mcp: Tool 'get_object_info' finished in 0.011s
2026-05-13 13:28:03,018 [INFO] gms2-mcp: Executing tool 'get_object_info'...
2026-05-13 13:28:03,020 [INFO] gms2-mcp: Tool 'get_object_info' finished in 0.002s
2026-05-13 13:28:17,703 [INFO] gms2-mcp: Executing tool 'get_gml_content'...
2026-05-13 13:28:17,718 [INFO] gms2-mcp: Tool 'get_gml_content' finished in 0.015s
2026-05-13 13:28:17,971 [INFO] gms2-mcp: Executing tool 'get_gml_content'...
2026-05-13 13:28:17,980 [INFO] gms2-mcp: Tool 'get_gml_content' finished in 0.010s
2026-05-13 13:28:18,224 [INFO] gms2-mcp: Executing tool 'get_gml_content'...
2026-05-13 13:28:18,241 [INFO] gms2-mcp: Tool 'get_gml_content' finished in 0.017s
2026-05-13 13:28:46,559 [INFO] gms2-mcp: Executing tool 'get_gml_content'...
2026-05-13 13:28:46,570 [INFO] gms2-mcp: Tool 'get_gml_content' finished in 0.012s
2026-05-13 13:28:46,913 [INFO] gms2-mcp: Executing tool 'get_gml_content'...
2026-05-13 13:28:46,927 [INFO] gms2-mcp: Tool 'get_gml_content' finished in 0.014s
2026-05-13 13:28:47,269 [INFO] gms2-mcp: Executing tool 'get_gml_content'...
2026-05-13 13:28:47,282 [INFO] gms2-mcp: Tool 'get_gml_content' finished in 0.012s
2026-05-13 13:28:47,572 [INFO] gms2-mcp: Executing tool 'get_gml_content'...
2026-05-13 13:28:47,574 [INFO] gms2-mcp: Tool 'get_gml_content' finished in 0.001s
2026-05-13 13:29:20,461 [INFO] gms2-mcp: Executing tool 'get_gml_content'...
2026-05-13 13:29:20,463 [INFO] gms2-mcp: Tool 'get_gml_content' finished in 0.002s
2026-05-13 13:29:20,641 [INFO] gms2-mcp: Executing tool 'get_gml_content'...
2026-05-13 13:29:20,644 [INFO] gms2-mcp: Tool 'get_gml_content' finished in 0.003s
2026-05-13 13:29:20,835 [INFO] gms2-mcp: Executing tool 'get_gml_content'...
2026-05-13 13:29:20,842 [INFO] gms2-mcp: Tool 'get_gml_content' finished in 0.007s
2026-05-13 13:29:41,544 [INFO] gms2-mcp: Executing tool 'get_gml_content'...
2026-05-13 13:29:41,545 [INFO] gms2-mcp: Tool 'get_gml_content' finished in 0.002s
2026-05-13 13:30:25,004 [INFO] gms2-mcp: Executing tool 'get_gml_content'...
2026-05-13 13:30:25,016 [INFO] gms2-mcp: Tool 'get_gml_content' finished in 0.012s
2026-05-13 13:30:25,160 [INFO] gms2-mcp: Executing tool 'get_gml_content'...
2026-05-13 13:30:25,164 [INFO] gms2-mcp: Tool 'get_gml_content' finished in 0.004s
2026-05-13 13:30:25,359 [INFO] gms2-mcp: Executing tool 'get_gml_content'...
2026-05-13 13:30:25,360 [INFO] gms2-mcp: Tool 'get_gml_content' finished in 0.001s
2026-05-13 13:30:25,574 [INFO] gms2-mcp: Executing tool 'get_gml_content'...
2026-05-13 13:30:25,582 [INFO] gms2-mcp: Tool 'get_gml_content' finished in 0.009s
2026-05-13 13:30:25,756 [INFO] gms2-mcp: Executing tool 'get_gml_content'...
2026-05-13 13:30:25,756 [INFO] gms2-mcp: Tool 'get_gml_content' finished in 0.001s
2026-05-13 13:30:25,877 [INFO] gms2-mcp: Executing tool 'get_gml_content'...
2026-05-13 13:30:25,892 [INFO] gms2-mcp: Tool 'get_gml_content' finished in 0.015s
2026-05-13 13:34:43,039 [INFO] gms2-mcp: Executing tool 'get_gml_content'...
2026-05-13 13:34:43,052 [INFO] gms2-mcp: Tool 'get_gml_content' finished in 0.013s
2026-05-13 13:34:43,211 [INFO] gms2-mcp: Executing tool 'get_gml_content'...
2026-05-13 13:34:43,219 [INFO] gms2-mcp: Tool 'get_gml_content' finished in 0.008s
2026-05-13 13:34:43,445 [INFO] gms2-mcp: Executing tool 'get_gml_content'...
2026-05-13 13:34:43,447 [INFO] gms2-mcp: Tool 'get_gml_content' finished in 0.002s
2026-05-13 13:34:43,659 [INFO] gms2-mcp: Executing tool 'get_gml_content'...
2026-05-13 13:34:43,667 [INFO] gms2-mcp: Tool 'get_gml_content' finished in 0.008s
2026-05-13 20:34:45,044 [INFO] gms2-mcp: Executing tool 'get_object_info'...
2026-05-13 20:34:45,063 [INFO] gms2-mcp: Tool 'get_object_info' finished in 0.020s
2026-05-13 20:34:45,212 [INFO] gms2-mcp: Executing tool 'get_gml_content'...
2026-05-13 20:34:45,220 [INFO] gms2-mcp: Tool 'get_gml_content' finished in 0.008s
2026-05-13 21:47:38,942 [INFO] gms2-mcp: GMS2 MCP Server shutdown complete
2026-05-13 21:50:13,277 [INFO] gms2-mcp: ==================================================
2026-05-13 21:50:13,288 [INFO] gms2-mcp: GMS2 MCP Server starting
2026-05-13 21:50:13,288 [INFO] gms2-mcp: Project path: C:/Users/n0souls/Documents/GitHub/Undefinedtale-888/Undefinedtale888
2026-05-13 21:50:13,288 [INFO] gms2-mcp: Log file: C:\Users\n0souls\gms2-mcp-server\logs\mcp-server.log
2026-05-13 21:50:13,288 [INFO] gms2-mcp: Python: 3.12.8 (tags/v3.12.8:2dc476b, Dec  3 2024, 19:30:04) [MSC v.1942 64 bit (AMD64)]
2026-05-13 21:50:13,288 [INFO] gms2-mcp: ==================================================
2026-05-14 07:15:24,864 [INFO] gms2-mcp: GMS2 MCP Server shutdown complete
2026-05-14 07:16:33,082 [INFO] gms2-mcp: ==================================================
2026-05-14 07:16:33,082 [INFO] gms2-mcp: GMS2 MCP Server starting
2026-05-14 07:16:33,082 [INFO] gms2-mcp: Project path: C:/Users/n0souls/Documents/GitHub/Undefinedtale-888/Undefinedtale888
2026-05-14 07:16:33,082 [INFO] gms2-mcp: Log file: C:\Users\n0souls\gms2-mcp-server\logs\mcp-server.log
2026-05-14 07:16:33,082 [INFO] gms2-mcp: Python: 3.12.8 (tags/v3.12.8:2dc476b, Dec  3 2024, 19:30:04) [MSC v.1942 64 bit (AMD64)]
2026-05-14 07:16:33,082 [INFO] gms2-mcp: ==================================================
2026-05-14 07:19:20,086 [INFO] gms2-mcp: Executing tool 'get_project_summary'...
2026-05-14 07:19:20,309 [INFO] gms2-mcp: Tool 'get_project_summary' finished in 0.223s
2026-05-14 07:19:20,310 [INFO] gms2-mcp: Executing tool 'search_in_project'...
2026-05-14 07:19:20,710 [INFO] gms2-mcp: Tool 'search_in_project' finished in 0.533s
2026-05-14 07:19:25,743 [INFO] gms2-mcp: Executing tool 'validate_project'...
2026-05-14 07:19:25,879 [INFO] gms2-mcp: Tool 'validate_project' finished in 0.137s
2026-05-14 19:44:00,020 [INFO] gms2-mcp: GMS2 MCP Server shutdown complete
2026-05-14 19:44:41,370 [INFO] gms2-mcp: ==================================================
2026-05-14 19:44:41,370 [INFO] gms2-mcp: GMS2 MCP Server starting
2026-05-14 19:44:41,371 [INFO] gms2-mcp: Project path: C:/Users/n0souls/Documents/GitHub/Undefinedtale-888/Undefinedtale888
2026-05-14 19:44:41,371 [INFO] gms2-mcp: Log file: C:\Users\n0souls\gms2-mcp-server\logs\mcp-server.log
2026-05-14 19:44:41,371 [INFO] gms2-mcp: Python: 3.12.8 (tags/v3.12.8:2dc476b, Dec  3 2024, 19:30:04) [MSC v.1942 64 bit (AMD64)]
2026-05-14 19:44:41,371 [INFO] gms2-mcp: ==================================================
2026-05-14 19:45:43,237 [INFO] gms2-mcp: ==================================================
2026-05-14 19:45:43,237 [INFO] gms2-mcp: GMS2 MCP Server starting
2026-05-14 19:45:43,237 [INFO] gms2-mcp: Project path: C:/Users/n0souls/Documents/GitHub/Undefinedtale-888/Undefinedtale888
2026-05-14 19:45:43,237 [INFO] gms2-mcp: Log file: C:\Users\n0souls\gms2-mcp-server\logs\mcp-server.log
2026-05-14 19:45:43,238 [INFO] gms2-mcp: Python: 3.12.8 (tags/v3.12.8:2dc476b, Dec  3 2024, 19:30:04) [MSC v.1942 64 bit (AMD64)]
2026-05-14 19:45:43,238 [INFO] gms2-mcp: ==================================================
2026-05-14 19:52:40,520 [INFO] gms2-mcp: GMS2 MCP Server shutdown complete
2026-05-14 22:16:12,798 [INFO] gms2-mcp: GMS2 MCP Server shutdown complete
2026-05-14 22:16:15,593 [INFO] gms2-mcp: GMS2 MCP Server shutdown complete
2026-05-17 07:50:43,344 [INFO] gms2-mcp: GMS2 MCP Server shutdown complete
2026-05-17 09:02:09,385 [INFO] gms2-mcp: ==================================================
2026-05-17 09:02:09,399 [INFO] gms2-mcp: GMS2 MCP Server starting
2026-05-17 09:02:09,399 [INFO] gms2-mcp: Project path: C:/Users/n0souls/Documents/GitHub/Undefinedtale-888/Undefinedtale888
2026-05-17 09:02:09,399 [INFO] gms2-mcp: Log file: C:\Users\n0souls\gms2-mcp-server\logs\mcp-server.log
2026-05-17 09:02:09,399 [INFO] gms2-mcp: Python: 3.12.10 (tags/v3.12.10:0cc8128, Apr  8 2025, 12:21:36) [MSC v.1943 64 bit (AMD64)]
2026-05-17 09:02:09,400 [INFO] gms2-mcp: ==================================================
2026-05-17 21:30:14,597 [INFO] gms2-mcp: ==================================================
2026-05-17 21:30:14,603 [INFO] gms2-mcp: GMS2 MCP Server starting
2026-05-17 21:30:14,604 [INFO] gms2-mcp: Project path: C:/Users/n0souls/Documents/GitHub/Undefinedtale-888/Undefinedtale888
2026-05-17 21:30:14,604 [INFO] gms2-mcp: Log file: C:\Users\n0souls\gms2-mcp-server\logs\mcp-server.log
2026-05-17 21:30:14,604 [INFO] gms2-mcp: Python: 3.12.10 (tags/v3.12.10:0cc8128, Apr  8 2025, 12:21:36) [MSC v.1943 64 bit (AMD64)]
2026-05-17 21:30:14,604 [INFO] gms2-mcp: ==================================================
2026-05-17 21:31:09,880 [INFO] gms2-mcp: ==================================================
2026-05-17 21:31:09,880 [INFO] gms2-mcp: GMS2 MCP Server starting
2026-05-17 21:31:09,880 [INFO] gms2-mcp: Project path: C:/Users/n0souls/Documents/GitHub/Undefinedtale-888/Undefinedtale888
2026-05-17 21:31:09,880 [INFO] gms2-mcp: Log file: C:\Users\n0souls\gms2-mcp-server\logs\mcp-server.log
2026-05-17 21:31:09,880 [INFO] gms2-mcp: Python: 3.12.10 (tags/v3.12.10:0cc8128, Apr  8 2025, 12:21:36) [MSC v.1943 64 bit (AMD64)]
2026-05-17 21:31:09,880 [INFO] gms2-mcp: ==================================================
2026-05-17 22:23:34,866 [INFO] gms2-mcp: GMS2 MCP Server shutdown complete
2026-05-17 22:23:35,300 [INFO] gms2-mcp: GMS2 MCP Server shutdown complete
2026-05-17 22:43:49,763 [INFO] gms2-mcp: ==================================================
2026-05-17 22:43:49,763 [INFO] gms2-mcp: GMS2 MCP Server starting
2026-05-17 22:43:49,764 [INFO] gms2-mcp: Project path: C:/Users/n0souls/Documents/GitHub/Undefinedtale-888/Undefinedtale888
2026-05-17 22:43:49,764 [INFO] gms2-mcp: Log file: C:\Users\n0souls\gms2-mcp-server\logs\mcp-server.log
2026-05-17 22:43:49,764 [INFO] gms2-mcp: Python: 3.12.10 (tags/v3.12.10:0cc8128, Apr  8 2025, 12:21:36) [MSC v.1943 64 bit (AMD64)]
2026-05-17 22:43:49,764 [INFO] gms2-mcp: ==================================================
2026-05-17 22:44:49,833 [INFO] gms2-mcp: ==================================================
2026-05-17 22:44:49,833 [INFO] gms2-mcp: GMS2 MCP Server starting
2026-05-17 22:44:49,834 [INFO] gms2-mcp: Project path: C:/Users/n0souls/Documents/GitHub/Undefinedtale-888/Undefinedtale888
2026-05-17 22:44:49,834 [INFO] gms2-mcp: Log file: C:\Users\n0souls\gms2-mcp-server\logs\mcp-server.log
2026-05-17 22:44:49,834 [INFO] gms2-mcp: Python: 3.12.10 (tags/v3.12.10:0cc8128, Apr  8 2025, 12:21:36) [MSC v.1943 64 bit (AMD64)]
2026-05-17 22:44:49,834 [INFO] gms2-mcp: ==================================================
2026-05-18 09:35:08,133 [INFO] gms2-mcp: GMS2 MCP Server shutdown complete
2026-05-18 10:07:09,304 [INFO] gms2-mcp: GMS2 MCP Server shutdown complete
2026-05-18 10:07:09,625 [INFO] gms2-mcp: GMS2 MCP Server shutdown complete
2026-05-20 15:57:51,996 [INFO] gms2-mcp: ==================================================
2026-05-20 15:57:52,014 [INFO] gms2-mcp: GMS2 MCP Server starting
2026-05-20 15:57:52,015 [INFO] gms2-mcp: Project path: C:/Users/n0souls/Documents/GitHub/Undefinedtale-888/Undefinedtale888
2026-05-20 15:57:52,015 [INFO] gms2-mcp: Log file: C:\Users\n0souls\gms2-mcp-server\logs\mcp-server.log
2026-05-20 15:57:52,015 [INFO] gms2-mcp: Python: 3.12.10 (tags/v3.12.10:0cc8128, Apr  8 2025, 12:21:36) [MSC v.1943 64 bit (AMD64)]
2026-05-20 15:57:52,015 [INFO] gms2-mcp: ==================================================
2026-05-20 16:09:25,169 [INFO] gms2-mcp: GMS2 MCP Server shutdown complete
2026-05-20 16:10:42,550 [INFO] gms2-mcp: ==================================================
2026-05-20 16:10:42,550 [INFO] gms2-mcp: GMS2 MCP Server starting
2026-05-20 16:10:42,551 [INFO] gms2-mcp: Project path: C:/Users/n0souls/Documents/GitHub/Undefinedtale-888/Undefinedtale888
2026-05-20 16:10:42,551 [INFO] gms2-mcp: Log file: C:\Users\n0souls\gms2-mcp-server\logs\mcp-server.log
2026-05-20 16:10:42,551 [INFO] gms2-mcp: Python: 3.12.10 (tags/v3.12.10:0cc8128, Apr  8 2025, 12:21:36) [MSC v.1943 64 bit (AMD64)]
2026-05-20 16:10:42,551 [INFO] gms2-mcp: ==================================================
2026-05-20 16:13:55,602 [INFO] gms2-mcp: ==================================================
2026-05-20 16:13:55,603 [INFO] gms2-mcp: GMS2 MCP Server starting
2026-05-20 16:13:55,603 [INFO] gms2-mcp: Project path: C:/Users/n0souls/Documents/GitHub/Undefinedtale-888/Undefinedtale888
2026-05-20 16:13:55,603 [INFO] gms2-mcp: Log file: C:\Users\n0souls\gms2-mcp-server\logs\mcp-server.log
2026-05-20 16:13:55,603 [INFO] gms2-mcp: Python: 3.12.10 (tags/v3.12.10:0cc8128, Apr  8 2025, 12:21:36) [MSC v.1943 64 bit (AMD64)]
2026-05-20 16:13:55,603 [INFO] gms2-mcp: ==================================================
2026-05-20 16:16:22,158 [INFO] gms2-mcp: GMS2 MCP Server shutdown complete
2026-05-20 21:49:01,257 [INFO] gms2-mcp: GMS2 MCP Server shutdown complete
2026-05-21 09:58:51,655 [INFO] gms2-mcp: ==================================================
2026-05-21 09:58:51,678 [INFO] gms2-mcp: GMS2 MCP Server starting
2026-05-21 09:58:51,678 [INFO] gms2-mcp: Project path: C:/Users/n0souls/Documents/GitHub/Undefinedtale-888/Undefinedtale888
2026-05-21 09:58:51,678 [INFO] gms2-mcp: Log file: C:\Users\n0souls\gms2-mcp-server\logs\mcp-server.log
2026-05-21 09:58:51,679 [INFO] gms2-mcp: Python: 3.12.10 (tags/v3.12.10:0cc8128, Apr  8 2025, 12:21:36) [MSC v.1943 64 bit (AMD64)]
2026-05-21 09:58:51,679 [INFO] gms2-mcp: ==================================================
2026-05-21 11:55:07,042 [INFO] gms2-mcp: Executing tool 'get_project_summary'...
2026-05-21 11:55:07,409 [INFO] gms2-mcp: Tool 'get_project_summary' finished in 0.367s
2026-05-21 11:55:10,958 [INFO] gms2-mcp: Executing tool 'list_assets'...
2026-05-21 11:55:10,959 [INFO] gms2-mcp: Tool 'list_assets' finished in 0.002s
2026-05-21 11:55:14,160 [INFO] gms2-mcp: Executing tool 'get_object_info'...
2026-05-21 11:55:14,161 [INFO] gms2-mcp: Tool 'get_object_info' finished in 0.002s
2026-05-21 11:55:14,644 [INFO] gms2-mcp: Executing tool 'get_object_info'...
2026-05-21 11:55:14,646 [INFO] gms2-mcp: Tool 'get_object_info' finished in 0.002s
2026-05-21 11:55:14,877 [INFO] gms2-mcp: Executing tool 'get_object_info'...
2026-05-21 11:55:14,878 [INFO] gms2-mcp: Tool 'get_object_info' finished in 0.001s
2026-05-21 11:55:18,115 [INFO] gms2-mcp: Executing tool 'list_assets'...
2026-05-21 11:55:18,116 [INFO] gms2-mcp: Tool 'list_assets' finished in 0.001s
2026-05-21 11:55:21,403 [INFO] gms2-mcp: Executing tool 'get_object_info'...
2026-05-21 11:55:21,407 [INFO] gms2-mcp: Tool 'get_object_info' finished in 0.004s
2026-05-21 11:55:21,851 [INFO] gms2-mcp: Executing tool 'get_object_info'...
2026-05-21 11:55:21,852 [INFO] gms2-mcp: Tool 'get_object_info' finished in 0.001s
2026-05-21 11:55:22,035 [INFO] gms2-mcp: Executing tool 'get_object_info'...
2026-05-21 11:55:22,037 [INFO] gms2-mcp: Tool 'get_object_info' finished in 0.002s
2026-05-21 11:55:25,211 [INFO] gms2-mcp: Executing tool 'list_assets'...
2026-05-21 11:55:25,212 [INFO] gms2-mcp: Tool 'list_assets' finished in 0.001s
2026-05-21 11:55:27,931 [INFO] gms2-mcp: Executing tool 'get_object_info'...
2026-05-21 11:55:27,933 [INFO] gms2-mcp: Tool 'get_object_info' finished in 0.002s
2026-05-21 11:55:28,313 [INFO] gms2-mcp: Executing tool 'get_object_info'...
2026-05-21 11:55:28,313 [INFO] gms2-mcp: Tool 'get_object_info' finished in 0.001s
2026-05-21 11:55:28,646 [INFO] gms2-mcp: Executing tool 'get_object_info'...
2026-05-21 11:55:28,647 [INFO] gms2-mcp: Tool 'get_object_info' finished in 0.001s
2026-05-21 11:55:34,029 [INFO] gms2-mcp: Executing tool 'get_gml_content'...
2026-05-21 11:55:34,031 [INFO] gms2-mcp: Tool 'get_gml_content' finished in 0.002s
2026-05-21 11:55:34,500 [INFO] gms2-mcp: Executing tool 'get_gml_content'...
2026-05-21 11:55:34,501 [INFO] gms2-mcp: Tool 'get_gml_content' finished in 0.001s
2026-05-21 11:55:34,536 [INFO] gms2-mcp: Executing tool 'get_gml_content'...
2026-05-21 11:55:34,538 [INFO] gms2-mcp: Tool 'get_gml_content' finished in 0.002s
2026-05-21 11:55:37,604 [INFO] gms2-mcp: Executing tool 'get_gml_content'...
2026-05-21 11:55:37,604 [INFO] gms2-mcp: Tool 'get_gml_content' finished in 0.000s
2026-05-21 11:55:38,106 [INFO] gms2-mcp: Executing tool 'get_gml_content'...
2026-05-21 11:55:38,107 [INFO] gms2-mcp: Tool 'get_gml_content' finished in 0.001s
2026-05-21 11:55:38,210 [INFO] gms2-mcp: Executing tool 'get_gml_content'...
2026-05-21 11:55:38,212 [INFO] gms2-mcp: Tool 'get_gml_content' finished in 0.002s
2026-05-21 11:55:42,458 [INFO] gms2-mcp: Executing tool 'get_gml_content'...
2026-05-21 11:55:42,460 [INFO] gms2-mcp: Tool 'get_gml_content' finished in 0.002s
2026-05-21 11:55:42,704 [INFO] gms2-mcp: Executing tool 'get_gml_content'...
2026-05-21 11:55:42,706 [INFO] gms2-mcp: Tool 'get_gml_content' finished in 0.002s
2026-05-21 11:55:56,003 [INFO] gms2-mcp: Executing tool 'get_gml_content'...
2026-05-21 11:55:56,003 [INFO] gms2-mcp: Tool 'get_gml_content' finished in 0.001s
2026-05-21 11:55:56,209 [INFO] gms2-mcp: Executing tool 'get_gml_content'...
2026-05-21 11:55:56,210 [INFO] gms2-mcp: Tool 'get_gml_content' finished in 0.001s
2026-05-21 11:55:59,715 [INFO] gms2-mcp: Executing tool 'get_object_info'...
2026-05-21 11:55:59,716 [INFO] gms2-mcp: Tool 'get_object_info' finished in 0.001s
2026-05-21 11:55:59,750 [INFO] gms2-mcp: Executing tool 'get_object_info'...
2026-05-21 11:55:59,752 [INFO] gms2-mcp: Tool 'get_object_info' finished in 0.002s
2026-05-21 11:56:03,282 [INFO] gms2-mcp: Executing tool 'get_gml_content'...
2026-05-21 11:56:03,284 [INFO] gms2-mcp: Tool 'get_gml_content' finished in 0.001s
2026-05-21 11:56:12,903 [INFO] gms2-mcp: Executing tool 'decode_object_events'...
2026-05-21 11:56:12,904 [INFO] gms2-mcp: Tool 'decode_object_events' finished in 0.001s
2026-05-21 11:56:16,105 [INFO] gms2-mcp: Executing tool 'decode_object_events'...
2026-05-21 11:56:16,106 [INFO] gms2-mcp: Tool 'decode_object_events' finished in 0.001s
2026-05-21 11:56:16,550 [INFO] gms2-mcp: Executing tool 'decode_object_events'...
2026-05-21 11:56:16,550 [INFO] gms2-mcp: Tool 'decode_object_events' finished in 0.001s
2026-05-21 11:56:33,227 [INFO] gms2-mcp: Executing tool 'get_object_info'...
2026-05-21 11:56:33,228 [INFO] gms2-mcp: Tool 'get_object_info' finished in 0.001s
2026-05-21 11:56:33,638 [INFO] gms2-mcp: Executing tool 'decode_object_events'...
2026-05-21 11:56:33,639 [INFO] gms2-mcp: Tool 'decode_object_events' finished in 0.001s
2026-05-21 11:56:34,526 [INFO] gms2-mcp: Executing tool 'get_gml_content'...
2026-05-21 11:56:34,528 [INFO] gms2-mcp: Tool 'get_gml_content' finished in 0.002s
2026-05-21 11:56:40,205 [INFO] gms2-mcp: Executing tool 'get_object_info'...
2026-05-21 11:56:40,206 [INFO] gms2-mcp: Tool 'get_object_info' finished in 0.002s
2026-05-21 11:56:40,653 [INFO] gms2-mcp: Executing tool 'decode_object_events'...
2026-05-21 11:56:40,653 [INFO] gms2-mcp: Tool 'decode_object_events' finished in 0.001s
2026-05-21 11:56:40,809 [INFO] gms2-mcp: Executing tool 'get_gml_content'...
2026-05-21 11:56:40,811 [INFO] gms2-mcp: Tool 'get_gml_content' finished in 0.002s
2026-05-21 11:56:43,912 [INFO] gms2-mcp: Executing tool 'get_object_info'...
2026-05-21 11:56:43,913 [INFO] gms2-mcp: Tool 'get_object_info' finished in 0.001s
2026-05-21 11:56:44,379 [INFO] gms2-mcp: Executing tool 'decode_object_events'...
2026-05-21 11:56:44,380 [INFO] gms2-mcp: Tool 'decode_object_events' finished in 0.001s
2026-05-21 11:56:44,433 [INFO] gms2-mcp: Executing tool 'get_gml_content'...
2026-05-21 11:56:44,435 [INFO] gms2-mcp: Tool 'get_gml_content' finished in 0.001s
2026-05-21 11:57:07,966 [INFO] gms2-mcp: Executing tool 'scan_project'...
2026-05-21 11:57:07,968 [INFO] gms2-mcp: Tool 'scan_project' finished in 0.001s
2026-05-21 11:57:11,592 [INFO] gms2-mcp: Executing tool 'get_object_info'...
2026-05-21 11:57:11,594 [INFO] gms2-mcp: Tool 'get_object_info' finished in 0.002s
2026-05-21 11:57:12,058 [INFO] gms2-mcp: Executing tool 'get_object_info'...
2026-05-21 11:57:12,059 [INFO] gms2-mcp: Tool 'get_object_info' finished in 0.002s
2026-05-21 11:57:12,281 [INFO] gms2-mcp: Executing tool 'get_object_info'...
2026-05-21 11:57:12,282 [INFO] gms2-mcp: Tool 'get_object_info' finished in 0.001s
2026-05-21 11:57:15,425 [INFO] gms2-mcp: Executing tool 'get_object_info'...
2026-05-21 11:57:15,426 [INFO] gms2-mcp: Tool 'get_object_info' finished in 0.001s
2026-05-21 11:57:15,896 [INFO] gms2-mcp: Executing tool 'get_object_hierarchy'...
2026-05-21 11:57:15,908 [INFO] gms2-mcp: Tool 'get_object_hierarchy' finished in 0.011s
2026-05-21 11:57:16,468 [INFO] gms2-mcp: Executing tool 'get_gml_content'...
2026-05-21 11:57:16,469 [INFO] gms2-mcp: Tool 'get_gml_content' finished in 0.002s
2026-05-21 11:57:21,685 [INFO] gms2-mcp: Executing tool 'get_gml_content'...
2026-05-21 11:57:21,685 [INFO] gms2-mcp: Tool 'get_gml_content' finished in 0.001s
2026-05-21 11:57:21,835 [INFO] gms2-mcp: Executing tool 'get_gml_content'...
2026-05-21 11:57:21,837 [INFO] gms2-mcp: Tool 'get_gml_content' finished in 0.003s
2026-05-21 12:02:34,552 [INFO] gms2-mcp: Executing tool 'get_project_summary'...
2026-05-21 12:02:34,553 [INFO] gms2-mcp: Tool 'get_project_summary' finished in 0.002s
2026-05-21 12:02:39,016 [INFO] gms2-mcp: Executing tool 'list_assets'...
2026-05-21 12:02:39,017 [INFO] gms2-mcp: Tool 'list_assets' finished in 0.002s
2026-05-21 12:02:39,271 [INFO] gms2-mcp: Executing tool 'list_assets'...
2026-05-21 12:02:39,273 [INFO] gms2-mcp: Tool 'list_assets' finished in 0.002s
2026-05-21 12:02:44,534 [INFO] gms2-mcp: Executing tool 'get_object_info'...
2026-05-21 12:02:44,535 [INFO] gms2-mcp: Tool 'get_object_info' finished in 0.001s
2026-05-21 12:02:44,539 [INFO] gms2-mcp: Executing tool 'get_object_info'...
2026-05-21 12:02:44,542 [INFO] gms2-mcp: Tool 'get_object_info' finished in 0.002s
2026-05-21 12:02:44,794 [INFO] gms2-mcp: Executing tool 'get_object_info'...
2026-05-21 12:02:44,795 [INFO] gms2-mcp: Tool 'get_object_info' finished in 0.001s
2026-05-21 12:02:48,692 [INFO] gms2-mcp: Executing tool 'get_gml_content'...
2026-05-21 12:02:48,693 [INFO] gms2-mcp: Tool 'get_gml_content' finished in 0.001s
2026-05-21 12:02:49,104 [INFO] gms2-mcp: Executing tool 'get_gml_content'...
2026-05-21 12:02:49,106 [INFO] gms2-mcp: Tool 'get_gml_content' finished in 0.002s
2026-05-21 12:02:49,145 [INFO] gms2-mcp: Executing tool 'get_gml_content'...
2026-05-21 12:02:49,146 [INFO] gms2-mcp: Tool 'get_gml_content' finished in 0.001s
2026-05-21 12:02:53,462 [INFO] gms2-mcp: Executing tool 'search_in_project'...
2026-05-21 12:02:53,760 [INFO] gms2-mcp: Tool 'search_in_project' finished in 0.298s
2026-05-21 12:02:57,712 [INFO] gms2-mcp: Executing tool 'get_gml_content'...
2026-05-21 12:02:57,714 [INFO] gms2-mcp: Tool 'get_gml_content' finished in 0.002s
2026-05-21 12:02:58,156 [INFO] gms2-mcp: Executing tool 'get_gml_content'...
2026-05-21 12:02:58,157 [INFO] gms2-mcp: Tool 'get_gml_content' finished in 0.001s
2026-05-21 12:02:58,240 [INFO] gms2-mcp: Executing tool 'list_assets'...
2026-05-21 12:02:58,241 [INFO] gms2-mcp: Tool 'list_assets' finished in 0.002s
2026-05-21 12:03:07,398 [INFO] gms2-mcp: Executing tool 'get_gml_content'...
2026-05-21 12:03:07,400 [INFO] gms2-mcp: Tool 'get_gml_content' finished in 0.002s
2026-05-21 12:03:11,836 [INFO] gms2-mcp: Executing tool 'get_gml_content'...
2026-05-21 12:03:11,838 [INFO] gms2-mcp: Tool 'get_gml_content' finished in 0.002s
2026-05-21 12:03:12,165 [INFO] gms2-mcp: Executing tool 'get_gml_content'...
2026-05-21 12:03:12,166 [INFO] gms2-mcp: Tool 'get_gml_content' finished in 0.002s
2026-05-21 12:03:17,742 [INFO] gms2-mcp: Executing tool 'get_object_info'...
2026-05-21 12:03:17,743 [INFO] gms2-mcp: Tool 'get_object_info' finished in 0.001s
2026-05-21 12:03:18,106 [INFO] gms2-mcp: Executing tool 'get_gml_content'...
2026-05-21 12:03:18,107 [INFO] gms2-mcp: Tool 'get_gml_content' finished in 0.001s
2026-05-21 12:03:18,359 [INFO] gms2-mcp: Executing tool 'get_gml_content'...
2026-05-21 12:03:18,360 [INFO] gms2-mcp: Tool 'get_gml_content' finished in 0.001s
2026-05-21 12:03:22,388 [INFO] gms2-mcp: Executing tool 'get_gml_content'...
2026-05-21 12:03:22,389 [INFO] gms2-mcp: Tool 'get_gml_content' finished in 0.002s
2026-05-21 12:03:22,862 [INFO] gms2-mcp: Executing tool 'get_object_info'...
2026-05-21 12:03:22,864 [INFO] gms2-mcp: Tool 'get_object_info' finished in 0.002s
2026-05-21 12:03:23,008 [INFO] gms2-mcp: Executing tool 'get_object_info'...
2026-05-21 12:03:23,009 [INFO] gms2-mcp: Tool 'get_object_info' finished in 0.001s
2026-05-21 12:03:27,074 [INFO] gms2-mcp: Executing tool 'get_gml_content'...
2026-05-21 12:03:27,076 [INFO] gms2-mcp: Tool 'get_gml_content' finished in 0.002s
2026-05-21 12:03:27,575 [INFO] gms2-mcp: Executing tool 'get_gml_content'...
2026-05-21 12:03:27,576 [INFO] gms2-mcp: Tool 'get_gml_content' finished in 0.001s
2026-05-21 12:03:27,758 [INFO] gms2-mcp: Executing tool 'get_gml_content'...
2026-05-21 12:03:27,760 [INFO] gms2-mcp: Tool 'get_gml_content' finished in 0.002s
2026-05-21 12:03:31,423 [INFO] gms2-mcp: Executing tool 'get_gml_content'...
2026-05-21 12:03:31,424 [INFO] gms2-mcp: Tool 'get_gml_content' finished in 0.001s
2026-05-21 12:03:32,216 [INFO] gms2-mcp: Executing tool 'get_object_info'...
2026-05-21 12:03:32,217 [INFO] gms2-mcp: Tool 'get_object_info' finished in 0.002s
2026-05-21 12:03:32,250 [INFO] gms2-mcp: Executing tool 'get_object_info'...
2026-05-21 12:03:32,251 [INFO] gms2-mcp: Tool 'get_object_info' finished in 0.001s
2026-05-21 12:03:35,610 [INFO] gms2-mcp: Executing tool 'get_object_info'...
2026-05-21 12:03:35,611 [INFO] gms2-mcp: Tool 'get_object_info' finished in 0.001s
2026-05-21 12:03:36,099 [INFO] gms2-mcp: Executing tool 'get_object_info'...
2026-05-21 12:03:36,101 [INFO] gms2-mcp: Tool 'get_object_info' finished in 0.001s
2026-05-21 12:03:36,130 [INFO] gms2-mcp: Executing tool 'get_object_info'...
2026-05-21 12:03:36,131 [INFO] gms2-mcp: Tool 'get_object_info' finished in 0.002s
2026-05-21 12:03:40,325 [INFO] gms2-mcp: Executing tool 'get_object_info'...
2026-05-21 12:03:40,326 [INFO] gms2-mcp: Tool 'get_object_info' finished in 0.001s
2026-05-21 12:03:45,111 [INFO] gms2-mcp: Executing tool 'get_gml_content'...
2026-05-21 12:03:45,112 [INFO] gms2-mcp: Tool 'get_gml_content' finished in 0.001s
2026-05-21 12:03:45,380 [INFO] gms2-mcp: Executing tool 'get_gml_content'...
2026-05-21 12:03:45,382 [INFO] gms2-mcp: Tool 'get_gml_content' finished in 0.001s
2026-05-21 12:03:49,341 [INFO] gms2-mcp: Executing tool 'get_gml_content'...
2026-05-21 12:03:49,342 [INFO] gms2-mcp: Tool 'get_gml_content' finished in 0.001s
2026-05-21 12:03:54,269 [INFO] gms2-mcp: Executing tool 'get_gml_content'...
2026-05-21 12:03:54,272 [INFO] gms2-mcp: Tool 'get_gml_content' finished in 0.003s
2026-05-21 12:03:59,949 [INFO] gms2-mcp: Executing tool 'get_gml_content'...
2026-05-21 12:03:59,951 [INFO] gms2-mcp: Tool 'get_gml_content' finished in 0.002s
2026-05-21 21:35:13,171 [INFO] gms2-mcp: GMS2 MCP Server shutdown complete
2026-05-23 20:39:39,568 [INFO] gms2-mcp: ==================================================
2026-05-23 20:39:39,575 [INFO] gms2-mcp: GMS2 MCP Server starting
2026-05-23 20:39:39,575 [INFO] gms2-mcp: Project path: C:/Users/n0souls/Documents/GitHub/Undefinedtale-888/Undefinedtale888
2026-05-23 20:39:39,575 [INFO] gms2-mcp: Log file: C:\Users\n0souls\gms2-mcp-server\logs\mcp-server.log
2026-05-23 20:39:39,575 [INFO] gms2-mcp: Python: 3.12.10 (tags/v3.12.10:0cc8128, Apr  8 2025, 12:21:36) [MSC v.1943 64 bit (AMD64)]
2026-05-23 20:39:39,575 [INFO] gms2-mcp: ==================================================
2026-05-25 09:08:33,743 [INFO] gms2-mcp: GMS2 MCP Server shutdown complete
2026-05-25 09:09:50,990 [INFO] gms2-mcp: ==================================================
2026-05-25 09:09:51,016 [INFO] gms2-mcp: GMS2 MCP Server starting
2026-05-25 09:09:51,016 [INFO] gms2-mcp: Project path: C:/Users/n0souls/Documents/GitHub/Undefinedtale-888/Undefinedtale888
2026-05-25 09:09:51,016 [INFO] gms2-mcp: Log file: C:\Users\n0souls\gms2-mcp-server\logs\mcp-server.log
2026-05-25 09:09:51,016 [INFO] gms2-mcp: Python: 3.12.10 (tags/v3.12.10:0cc8128, Apr  8 2025, 12:21:36) [MSC v.1943 64 bit (AMD64)]
2026-05-25 09:09:51,016 [INFO] gms2-mcp: ==================================================
2026-05-25 13:53:24,933 [INFO] gms2-mcp: GMS2 MCP Server shutdown complete
2026-05-25 14:23:53,165 [INFO] gms2-mcp: ==================================================
2026-05-25 14:23:53,166 [INFO] gms2-mcp: GMS2 MCP Server starting
2026-05-25 14:23:53,166 [INFO] gms2-mcp: Project path: C:/Users/n0souls/Documents/GitHub/Undefinedtale-888/Undefinedtale888
2026-05-25 14:23:53,166 [INFO] gms2-mcp: Log file: C:\Users\n0souls\gms2-mcp-server\logs\mcp-server.log
2026-05-25 14:23:53,166 [INFO] gms2-mcp: Python: 3.12.10 (tags/v3.12.10:0cc8128, Apr  8 2025, 12:21:36) [MSC v.1943 64 bit (AMD64)]
2026-05-25 14:23:53,166 [INFO] gms2-mcp: ==================================================
2026-05-25 14:29:31,848 [INFO] gms2-mcp: GMS2 MCP Server shutdown complete
2026-05-25 14:30:36,535 [INFO] gms2-mcp: ==================================================
2026-05-25 14:30:36,535 [INFO] gms2-mcp: GMS2 MCP Server starting
2026-05-25 14:30:36,536 [INFO] gms2-mcp: Project path: C:/Users/n0souls/Documents/GitHub/Undefinedtale-888/Undefinedtale888
2026-05-25 14:30:36,536 [INFO] gms2-mcp: Log file: C:\Users\n0souls\gms2-mcp-server\logs\mcp-server.log
2026-05-25 14:30:36,536 [INFO] gms2-mcp: Python: 3.12.10 (tags/v3.12.10:0cc8128, Apr  8 2025, 12:21:36) [MSC v.1943 64 bit (AMD64)]
2026-05-25 14:30:36,536 [INFO] gms2-mcp: ==================================================
